"","YHOO","GOOG","MSFT"
"1","42.5","767.01","57.66"
"2","42.53","766.4","57.68"
"3","42.59","766.5","57.7"
"4","42.6","766.75","57.71"
"5","42.71","766.87","57.7437"
"6","42.75","766.8285","57.73"
"7","42.7","766.85","57.695"
"8","42.72","767.2","57.735"
"9","42.67","767.48","57.68"
"10","42.7","767.91","57.5934"
"11","42.73","767.92","57.585"
"12","42.72","768.43","57.64"
"13","42.75","768.57","57.625"
"14","42.65","767.94","57.575"
"15","42.61","768.4","57.625"
"16","42.65","768.01","57.59"
"17","42.6","767.485","57.6234"
"18","42.66","768.295","57.63"
"19","42.66","768.47","57.635"
"20","42.66","768.39","57.69"
"21","42.65","768.47","57.67"
"22","42.69","768.4925","57.6"
"23","42.67","768.36","57.54"
"24","42.72","768.52","57.53"
"25","42.735","768.5313","57.55"
"26","42.7","768.55","57.575"
"27","42.76","768.65","57.6256"
"28","42.77","769","57.64"
"29","42.765","768.751","57.6"
"30","42.765","768.72","57.6"
"31","42.71","768.18","57.556"
"32","42.665","767.36","57.46"
"33","42.68","767.12","57.49"
"34","42.6444","766.7835","57.475"
"35","42.59","766.1748","57.33"
"36","42.58","765.78","57.379"
"37","42.61","765.85","57.342"
"38","42.59","765.72","57.34"
"39","42.62","765.946","57.36"
"40","42.63","766.14","57.3548"
"41","42.7","766.14","57.3699"
"42","42.68","765.91","57.355"
"43","42.7","765.92","57.375"
"44","42.65","765.74","57.39"
"45","42.66","766.0532","57.44"
"46","42.68","766.405","57.425"
"47","42.67","766.27","57.42"
"48","42.63","766.8","57.455"
"49","42.655","766.79","57.409"
"50","42.65","766.67","57.4"
"51","42.65","766.3833","57.391"
"52","42.675","766.53","57.455"
"53","42.65","766.3","57.37"
"54","42.66","766.4","57.3633"
"55","42.66","766.15","57.34"
"56","42.66","766.19","57.405"
"57","42.705","766.26","57.455"
"58","42.71","766.03","57.46"
"59","42.695","766.32","57.465"
"60","42.68","766.33","57.47"
"61","42.69","766.33","57.47"
"62","42.66","765.95","57.44"
"63","42.66","766.43","57.45"
"64","42.65","766.14","57.445"
"65","42.63","766.04","57.415"
"66","42.645","766.19","57.41"
"67","42.64","766.16","57.38"
"68","42.68","766.44","57.44"
"69","42.7","766.845","57.495"
"70","42.73","766.55","57.5168"
"71","42.73","766.74","57.5201"
"72","42.74","767.3","57.56"
"73","42.735","767.85","57.539"
"74","42.75","768.44","57.53"
"75","42.735","768.4","57.5"
"76","42.73","768.18","57.49"
"77","42.765","767.23","57.465"
"78","42.76","767.405","57.47"
"79","42.75","767.05","57.46"
"80","42.77","769.24","57.01"
"81","42.82","769.07","57.57"
"82","42.76","767.51","57.62"
"83","42.81","769.26","57.66"
"84","42.94","770.05","57.65"
"85","42.88","769.04","57.57"
"86","42.85","768.36","57.45"
"87","42.955","769.43","57.53"
"88","42.995","769.59","57.545"
"89","43.04","768.94","57.5"
"90","43.04","767.76","57.49"
"91","42.985","767.15","57.4435"
"92","42.91","765.55","57.32"
"93","42.82","765.45","57.285"
"94","42.84","765.6","57.24"
"95","42.91","766.4","57.29"
"96","42.91","766.29","57.27"
"97","42.9","766.095","57.2136"
"98","42.92","766.15","57.2401"
"99","42.865","765.7","57.2164"
"100","42.84","764.79","57.26"
"101","42.91","765.54","57.275"
"102","42.93","765.45","57.3235"
"103","42.945","765.8791","57.4"
"104","42.955","765.87","57.405"
"105","42.98","766.15","57.46"
"106","42.9301","766.29","57.48"
"107","42.94","766.21","57.43"
"108","42.91","765.8","57.41"
"109","42.86","765.37","57.395"
"110","42.925","766.02","57.4275"
"111","42.9808","766.535","57.435"
"112","42.8793","766.38","57.44"
"113","42.9","766.985","57.55"
"114","42.945","768.02","57.575"
"115","42.99","769.13","57.67"
"116","43.02","769","57.68"
"117","43.075","769.8","57.7335"
"118","43.015","769.45","57.71"
"119","43.025","768.79","57.7085"
"120","43.03","769.595","57.72"
"121","43.045","769.7735","57.725"
"122","43","769.2343","57.7036"
"123","42.99","769.7","57.71"
"124","42.995","769.88","57.7221"
"125","42.985","769.77","57.74"
"126","43.01","769.825","57.77"
"127","43.02","770.0176","57.785"
"128","43.02","770","57.78"
"129","42.99","769.99","57.745"
"130","42.97","770.64","57.71"
"131","42.955","770.68","57.705"
"132","42.965","770.73","57.7"
"133","42.975","770.78","57.72"
"134","42.92","769.9","57.645"
"135","42.9","769.29","57.615"
"136","42.89","769.27","57.61"
"137","42.86","769.42","57.5611"
"138","42.88","769.584","57.55"
"139","42.85","768.89","57.52"
"140","42.86","768.71","57.53"
"141","42.855","769.315","57.52"
"142","42.85","768.82","57.4873"
"143","42.83","768.94","57.51"
"144","42.84","769.4408","57.51"
"145","42.845","769.53","57.5398"
"146","42.845","769.125","57.52"
"147","42.83","769.03","57.4799"
"148","42.763","768.04","57.38"
"149","42.79","768.27","57.39"
"150","42.795","768.44","57.38"
"151","42.805","768.565","57.42"
"152","42.785","768.46","57.43"
"153","42.82","768.475","57.461"
"154","42.84","768.3","57.47"
"155","42.88","768.65","57.495"
"156","42.895","768.88","57.56"
"157","42.91","769.06","57.585"
"158","42.93","768.78","57.59"
"159","43.11","772.67","57.73"
"160","43.28","772.88","57.8"
"161","43.24","772.84","57.93"
"162","43.24","773.05","58.05"
"163","43.31","773.06","58.065"
"164","43.47","772.82","58.15"
"165","43.48","773.28","58.175"
"166","43.545","773.4","58.1"
"167","43.49","772.48","58.04"
"168","43.395","772.18","58.03"
"169","43.42","772.19","58.055"
"170","43.44","772.1556","58.025"
"171","43.57","772.08","58.06"
"172","43.545","771.505","58.01"
"173","43.52","771.78","58.0299"
"174","43.54","771.8425","58.03"
"175","43.565","771.52","58.015"
"176","43.5644","772.07","58.04"
"177","43.52","771.88","57.98"
"178","43.51","772.78","57.99"
"179","43.4","771.85","57.965"
"180","43.33","771.45","57.92"
"181","43.31","771.26","57.92"
"182","43.32","771.18","57.875"
"183","43.26","770.82","57.825"
"184","43.31","771.59","57.835"
"185","43.35","771.2","57.825"
"186","43.32","771.4774","57.82"
"187","43.3","770.57","57.8"
"188","43.28","770.518","57.8093"
"189","43.28","770.65","57.8"
"190","43.26","770.5","57.7885"
"191","43.27","770.98","57.77"
"192","43.24","770.87","57.7301"
"193","43.21","770.11","57.63"
"194","43.19","770","57.6101"
"195","43.28","769.621","57.6"
"196","43.27","770.58","57.62"
"197","43.3","771.01","57.62"
"198","43.295","771.18","57.65"
"199","43.25","770.38","57.6"
"200","43.31","770.67","57.63"
"201","43.29","769.56","57.61"
"202","43.29","769.8","57.605"
"203","43.28","769.64","57.585"
"204","43.26","769.0225","57.5501"
"205","43.26","769.08","57.54"
"206","43.28","769.41","57.59"
"207","43.23","769.71","57.54"
"208","43.2","768.98","57.5"
"209","43.23","768.75","57.48"
"210","43.19","768.49","57.44"
"211","43.22","769.22","57.465"
"212","43.205","769.68","57.51"
"213","43.17","769.1","57.48"
"214","43.2","769.35","57.505"
"215","43.24","770.17","57.56"
"216","43.205","770.58","57.6"
"217","43.24","770.76","57.66"
"218","43.235","770.23","57.675"
"219","43.25","770.52","57.66"
"220","43.25","770.5692","57.665"
"221","43.28","770.66","57.65"
"222","43.26","770.61","57.68"
"223","43.28","770.59","57.649"
"224","43.28","770.91","57.66"
"225","43.265","770.815","57.66"
"226","43.2832","770.43","57.645"
"227","43.29","770.41","57.65"
"228","43.3","770.77","57.6993"
"229","43.275","771.0001","57.71"
"230","43.28","770.99","57.715"
"231","43.265","771.39","57.72"
"232","43.28","771.32","57.74"
"233","43.28","770.84","57.75"
"234","43.285","771.12","57.7"
"235","43.27","770.8125","57.66"
"236","43.26","771.31","57.66"
"237","43.28","771.46","57.67"
"238","43.52","773.45","57.61"
"239","44.12","771.33","57.4"
"240","44.255","773.5","57.54"
"241","44.2","776.29","57.49"
"242","44.28","776.26","57.54"
"243","44.5248","775.51","57.5"
"244","44.55","775.68","57.45"
"245","44.621","777.63","57.51"
"246","44.48","776.5","57.45"
"247","44.25","776.86","57.455"
"248","44.2901","776.86","57.37"
"249","44.3885","776.49","57.295"
"250","44.361","776.74","57.315"
"251","44.3901","777.09","57.33"
"252","44.41","777.29","57.34"
"253","44.4399","777.95","57.405"
"254","44.44","777.42","57.3615"
"255","44.47","777.77","57.415"
"256","44.525","777.36","57.445"
"257","44.575","777.25","57.46"
"258","44.6","777.43","57.42"
"259","44.65","777.51","57.42"
"260","44.67","777.9","57.44"
"261","44.63","777.8","57.495"
"262","44.66","777.5","57.45"
"263","44.54","777.87","57.42"
"264","44.435","777.9","57.43"
"265","44.475","777.7","57.44"
"266","44.57","778.3","57.49"
"267","44.57","779.23","57.48"
"268","44.56","779.5","57.48"
"269","44.56","779.28","57.495"
"270","44.58","779.09","57.49"
"271","44.56","779.35","57.49"
"272","44.52","779.5","57.4641"
"273","44.5","779.3","57.48"
"274","44.555","779.45","57.49"
"275","44.59","779.3","57.51"
"276","44.575","779.84","57.555"
"277","44.62","780.75","57.589"
"278","44.66","781.98","57.595"
"279","44.68","781.34","57.58"
"280","44.63","780.204","57.55"
"281","44.6201","780.29","57.57"
"282","44.59","780.12","57.55"
"283","44.62","780.5","57.55"
"284","44.66","780.64","57.575"
"285","44.65","780.04","57.54"
"286","44.65","780.0727","57.56"
"287","44.65","779.98","57.57"
"288","44.67","780.2","57.555"
"289","44.687","780.31","57.57"
"290","44.69","780.58","57.58"
"291","44.6435","779.86","57.555"
"292","44.63","779.6","57.55"
"293","44.63","779.12","57.5185"
"294","44.67","778.59","57.535"
"295","44.6244","779.07","57.54"
"296","44.67","778.8","57.558"
"297","44.705","779.32","57.5762"
"298","44.72","779.72","57.53"
"299","44.75","779.29","57.5452"
"300","44.7437","778.5","57.55"
"301","44.7","778.66","57.55"
"302","44.725","779.08","57.54"
"303","44.75","779.7688","57.555"
"304","44.76","779.6399","57.6"
"305","44.78","780.2115","57.58"
"306","44.82","779.75","57.575"
"307","44.8","778.7","57.55"
"308","44.73","779.32","57.5534"
"309","44.685","779.15","57.565"
"310","44.62","779.55","57.59"
"311","44.61","779.301","57.56"
"312","44.57","778.95","57.57"
"313","44.59","778.99","57.57"
"314","44.665","778.85","57.57"
"315","44.7","779.51","57.57"
"316","44.71","780.08","57.61"
"317","44.58","780.08","57.5"
"318","44.73","780.09","57.54"
"319","44.75","781.69","57.5299"
"320","44.716","780.16","57.5352"
"321","44.61","778.13","57.52"
"322","44.565","777.89","57.525"
"323","44.8","779.05","57.585"
"324","44.88","779.33","57.56"
"325","44.79","778.88","57.6"
"326","44.77","779.5","57.62"
"327","44.71","779.39","57.65"
"328","44.81","780.54","57.72"
"329","44.72","780.805","57.77"
"330","44.75","778.86","57.745"
"331","44.73","778.21","57.73"
"332","44.59","778.75","57.72"
"333","44.48","777.695","57.69"
"334","44.49","778.41","57.65"
"335","44.441","778.311","57.62"
"336","44.4901","778.34","57.655"
"337","44.535","778.53","57.645"
"338","44.49","778.35","57.63"
"339","44.38","777.57","57.56"
"340","44.395","778","57.585"
"341","44.46","778.295","57.6"
"342","44.505","778.39","57.595"
"343","44.47","778.52","57.58"
"344","44.44","778.13","57.57"
"345","44.38","778.04","57.545"
"346","44.44","777.85","57.54"
"347","44.46","778.1796","57.57"
"348","44.415","778.21","57.545"
"349","44.38","777.8405","57.5634"
"350","44.36","777.66","57.56"
"351","44.32","777.07","57.54"
"352","44.25","777","57.575"
"353","44.235","777","57.56"
"354","44.25","777","57.58"
"355","44.24","777.24","57.5735"
"356","44.23","776.81","57.609"
"357","44.31","776.68","57.59"
"358","44.35","776.84","57.595"
"359","44.34","776.89","57.575"
"360","44.285","777.2","57.5747"
"361","44.33","777.55","57.6"
"362","44.33","777.49","57.61"
"363","44.345","777.59","57.615"
"364","44.355","777.75","57.609"
"365","44.35","777.98","57.595"
"366","44.36","778.29","57.6"
"367","44.35","778.61","57.59"
"368","44.39","778.54","57.64"
"369","44.38","778.195","57.59"
"370","44.37","778.18","57.605"
"371","44.37","778.45","57.5857"
"372","44.3444","778.35","57.59"
"373","44.355","778.7","57.61"
"374","44.42","779.38","57.63"
"375","44.42","779.18","57.63"
"376","44.44","779.4433","57.6239"
"377","44.4044","779.14","57.6"
"378","44.36","778.3","57.569"
"379","44.3","778.75","57.57"
"380","44.26","778.735","57.565"
"381","44.285","778.94","57.59"
"382","44.245","779.16","57.575"
"383","44.26","779.45","57.56"
"384","44.31","779.62","57.58"
"385","44.27","779.2","57.53"
"386","44.305","779.15","57.56"
"387","44.33","779.24","57.545"
"388","44.34","779.89","57.5199"
"389","44.315","779.65","57.55"
"390","44.36","779.695","57.5601"
"391","44.33","779.44","57.59"
"392","44.31","779.23","57.565"
"393","44.33","779.85","57.585"
"394","44.36","779.82","57.615"
"395","44.35","780.35","57.66"
"396","44.073","778.53","57.65"
"397","44.2781","780.07","57.705"
"398","44.21","777.45","57.645"
"399","44.435","778.2235","57.545"
"400","44.405","776.98","57.55"
"401","44.26","775.69","57.45"
"402","44.28","776.61","57.422"
"403","44.2","776.55","57.465"
"404","44.22","775.8","57.445"
"405","44.1944","777.5","57.46"
"406","44.23","776.83","57.5"
"407","44.23","777","57.53"
"408","44.32","778","57.522"
"409","44.45","778.17","57.55"
"410","44.55","778.71","57.62"
"411","44.46","778.44","57.639"
"412","44.49","777.2","57.5799"
"413","44.5","777.53","57.56"
"414","44.57","778.41","57.6235"
"415","44.62","777.48","57.525"
"416","44.61","777.54","57.615"
"417","44.71","778.19","57.64"
"418","44.62","777.22","57.57"
"419","44.58","776.9224","57.535"
"420","44.63","776.34","57.535"
"421","44.6","776.092","57.505"
"422","44.55","775.55","57.47"
"423","44.58","775.9","57.48"
"424","44.57","775.97","57.49"
"425","44.58","776","57.48"
"426","44.56","775.96","57.465"
"427","44.53","775.91","57.48"
"428","44.525","775.3","57.425"
"429","44.525","775.335","57.42"
"430","44.53","775.7","57.385"
"431","44.52","775.91","57.4309"
"432","44.52","775.57","57.41"
"433","44.4948","775.4469","57.4"
"434","44.49","775.51","57.365"
"435","44.45","775.27","57.365"
"436","44.455","775.24","57.3701"
"437","44.45","775.62","57.39"
"438","44.48","775.53","57.325"
"439","44.45","775.261","57.31"
"440","44.43","775.5","57.315"
"441","44.38","775.18","57.3299"
"442","44.38","774.95","57.335"
"443","44.34","774.64","57.36"
"444","44.36","774.79","57.291"
"445","44.3299","774.12","57.23"
"446","44.3844","774.46","57.285"
"447","44.31","774.38","57.27"
"448","44.28","773.84","57.225"
"449","44.3","774.42","57.24"
"450","44.33","774.8","57.315"
"451","44.34","774.72","57.29"
"452","44.31","774.59","57.325"
"453","44.305","773.8","57.29"
"454","44.34","773.9","57.3"
"455","44.37","775.15","57.32"
"456","44.33","774.86","57.295"
"457","44.315","775.15","57.28"
"458","44.3043","775.015","57.27"
"459","44.3744","775.58","57.309"
"460","44.37","775.43","57.32"
"461","44.36","775.27","57.3437"
"462","44.364","775.63","57.3969"
"463","44.3444","775.5","57.39"
"464","44.37","775.8","57.42"
"465","44.41","776.22","57.49"
"466","44.4","776.13","57.465"
"467","44.3999","775.912","57.46"
"468","44.37","776.113","57.445"
"469","44.3599","776.25","57.43"
"470","44.355","776.65","57.4534"
"471","44.375","776.81","57.47"
"472","44.375","776.22","57.475"
"473","44.34","775.425","57.45"
"474","44.36","775.32","57.43"
"475","43.85","770.13","56.76"
"476","43.985","770.8102","57"
"477","44.04","771.1","56.95"
"478","44.07","770.44","57.13"
"479","43.97","769.65","57.11"
"480","43.81","770.27","57.13"
"481","43.84","771.3099","57.28"
"482","43.8034","770.6","57.3435"
"483","43.8","770.2468","57.32"
"484","43.84","771.54","57.42"
"485","43.91","771.33","57.389"
"486","43.88","771","57.43"
"487","43.84","771.13","57.38"
"488","43.87","771.5575","57.415"
"489","43.73","770.14","57.25"
"490","43.675","769.55","57.23"
"491","43.51","768.37","57.14"
"492","43.63","768.61","57.235"
"493","43.58","768.85","57.19"
"494","43.525","768.49","57.1513"
"495","43.52","768.01","57.195"
"496","43.44","767.74","57.14"
"497","43.4599","768.46","57.24"
"498","43.47","768.6801","57.24"
"499","43.48","769.05","57.24"
"500","43.43","769.02","57.23"
"501","43.4","769.61","57.18"
"502","43.33","769.633","57.09"
"503","43.325","768.62","57.09"
"504","43.27","768.43","57.02"
"505","43.25","768.41","56.986"
"506","43.2865","768.4","57.04"
"507","43.24","767.7","56.95"
"508","43.195","766.8201","56.9148"
"509","43.2","767.01","56.8848"
"510","43.22","767.26","56.93"
"511","43.22","767.53","56.91"
"512","43.14","766.5328","56.91"
"513","43.19","767.0199","56.945"
"514","43.17","766.82","56.991"
"515","43.14","765.9925","56.875"
"516","43.09","765.57","56.86"
"517","43.09","766.14","56.915"
"518","43.1","765.37","56.88"
"519","43.02","765.01","56.82"
"520","43.03","763.9594","56.8"
"521","42.99","763.5701","56.815"
"522","43","763.77","56.815"
"523","43.09","764.82","56.81"
"524","43.1","764.7","56.765"
"525","43.04","764.2","56.765"
"526","43.01","763.35","56.71"
"527","42.99","763.28","56.6947"
"528","43","763.0575","56.7"
"529","43.04","763.06","56.71"
"530","42.96","762.42","56.695"
"531","42.87","761.52","56.63"
"532","42.875","761.3901","56.5699"
"533","42.875","761.61","56.605"
"534","42.95","763.1474","56.651"
"535","43.03","763.51","56.7368"
"536","43.055","763.61","56.72"
"537","43.095","764.5","56.73"
"538","43.079","763.3391","56.63"
"539","43.03","762.53","56.505"
"540","43.035","763.11","56.58"
"541","43.08","762.959","56.66"
"542","43.04","762.22","56.62"
"543","43.1","761.94","56.55"
"544","43.1","761.54","56.52"
"545","43.135","761.65","56.68"
"546","43.13","761.96","56.675"
"547","43.11","762.18","56.69"
"548","43.0401","762.04","56.65"
"549","43.01","761.54","56.58"
"550","43.02","761.61","56.49"
"551","43.05","762.18","56.46"
"552","43.01","761.9","56.445"
"553","42.92","759.66","56.21"
"554","42.18","755.5824","55.76"
"555","42.44","760.59","55.895"
"556","42.76","761.8","56.06"
"557","42.64","760.33","56.13"
"558","42.7","759.28","56.09"
"559","42.72","760.73","56.16"
"560","42.82","760.08","56.18"
"561","42.92","761.02","56.2471"
"562","42.81","760.37","56.165"
"563","42.78","759.65","56.21"
"564","42.87","760.89","56.205"
"565","42.82","761.8675","56.34"
"566","42.91","762.58","56.41"
"567","42.9","763.09","56.46"
"568","42.9","762.98","56.34"
"569","42.96","764.705","56.34"
"570","42.95","763.48","56.335"
"571","42.91","763.64","56.33"
"572","43.03","764.77","56.395"
"573","43.1","765.95","56.49"
"574","43.15","766.84","56.445"
"575","43.12","766.27","56.375"
"576","43.16","766.54","56.36"
"577","43.215","766.735","56.39"
"578","43.2652","766.99","56.39"
"579","43.27","766.642","56.33"
"580","43.32","766.85","56.425"
"581","43.28","766.244","56.37"
"582","43.22","765.31","56.36"
"583","43.225","766","56.3965"
"584","43.21","766.08","56.435"
"585","43.14","764.96","56.36"
"586","43.12","764.5701","56.41"
"587","43.1","764.71","56.39"
"588","43.08","764.93","56.375"
"589","43.1097","764.51","56.395"
"590","43.16","765","56.425"
"591","43.12","765.01","56.44"
"592","43.12","764.72","56.449"
"593","43.15","765.17","56.46"
"594","43.21","765.73","56.515"
"595","43.3","767.1","56.67"
"596","43.27","766.6534","56.66"
"597","43.26","767.1","56.66"
"598","43.28","766.77","56.6538"
"599","43.29","766.47","56.72"
"600","43.28","766.84","56.7834"
"601","43.2","766.25","56.705"
"602","43.19","765.36","56.62"
"603","43.19","765.16","56.575"
"604","43.27","766.66","56.72"
"605","43.28","766.68","56.725"
"606","43.38","768.34","56.85"
"607","43.38","768.316","56.91"
"608","43.43","768.82","56.96"
"609","43.51","769.3482","56.9834"
"610","43.5065","769.4","56.97"
"611","43.5","769.22","57.03"
"612","43.51","769.21","57.03"
"613","43.56","769.34","57.075"
"614","43.48","768.84","57.035"
"615","43.455","768.59","57.03"
"616","43.53","769.87","57.105"
"617","43.5","769.81","57.125"
"618","43.46","769.26","57.06"
"619","43.445","769.3","57.04"
"620","43.515","769.09","57.065"
"621","43.54","769.27","57.09"
"622","43.6","769.42","57.13"
"623","43.6","768.81","57.07"
"624","43.53","768.28","57.02"
"625","43.55","769.22","57.11"
"626","43.5001","768.62","57.055"
"627","43.495","768.34","57.025"
"628","43.49","768.79","57.07"
"629","43.52","769.34","57.13"
"630","43.45","767.81","57.02"
"631","43.41","768.13","56.98"
"632","43.46","769.02","57.05"
"633","43.08","764.25","56.46"
"634","43.07","762.64","56.5"
"635","43.41","764.62","56.59"
"636","43.37","761.62","56.37"
"637","43.3","761.96","56.36"
"638","43.17","761.53","56.44"
"639","43.14","761.64","56.38"
"640","43.105","762.18","56.35"
"641","43.14","762.42","56.3"
"642","43.143","761.15","56.295"
"643","43.28","761.8","56.2634"
"644","43.27","761.78","56.28"
"645","43.27","760.56","56.33"
"646","43.29","760.9","56.4"
"647","43.28","760.46","56.409"
"648","43.28","760.23","56.395"
"649","43.22","759.97","56.31"
"650","43.14","759.28","56.22"
"651","42.9901","759.05","56.22"
"652","43.05","758.9","56.2"
"653","43.01","759.18","56.22"
"654","42.92","758.99","56.13"
"655","42.92","758.69","56.16"
"656","42.96","758.1801","56.205"
"657","42.93","757.7","56.1"
"658","43.04","758.15","56.1001"
"659","42.8801","758.12","56.165"
"660","42.94","758.5591","56.27"
"661","42.83","757.985","56.22"
"662","42.85","758.34","56.25"
"663","42.81","758.78","56.26"
"664","42.8","758.16","56.21"
"665","42.87","758.39","56.26"
"666","43.01","759.88","56.42"
"667","42.99","759.48","56.38"
"668","42.9","758.8144","56.295"
"669","42.8","758.75","56.21"
"670","42.8","758.198","56.21"
"671","42.85","757.955","56.28"
"672","42.88","758.05","56.295"
"673","42.857","757.69","56.2"
"674","42.81","758.03","56.18"
"675","42.81","757.92","56.18"
"676","42.71","757.3036","56.1"
"677","42.76","757.31","56.18"
"678","42.77","757.66","56.22"
"679","42.9","759.55","56.355"
"680","42.905","758","56.2752"
"681","43.06","759.4","56.37"
"682","42.96","758.47","56.265"
"683","43","758.78","56.345"
"684","42.98","758.41","56.25"
"685","43.05","759.14","56.34"
"686","42.93","757.9","56.22"
"687","42.955","758.11","56.29"
"688","42.92","757.93","56.3"
"689","42.95","758.56","56.355"
"690","42.93","758.565","56.38"
"691","42.89","758.09","56.285"
"692","42.87","758.43","56.28"
"693","42.8165","757.31","56.2"
"694","42.83","757.99","56.255"
"695","42.83","758.03","56.3"
"696","42.92","759.04","56.37"
"697","42.93","759.01","56.35"
"698","42.91","758.9199","56.32"
"699","42.83","757.72","56.22"
"700","42.85","757.4205","56.21"
"701","42.88","757.3","56.22"
"702","42.83","756.24","56.17"
"703","42.92","758.4","56.29"
"704","42.93","758.75","56.26"
"705","42.95","759.63","56.32"
"706","42.975","759.6","56.36"
"707","43","759.47","56.445"
"708","42.91","758.14","56.34"
"709","42.945","758.99","56.415"
"710","43.075","761.31","56.64"
"711","43.04","759.69","56.53"
"712","42.86","759.61","56.38"
"713","43.48","762.6","56.335"
"714","43.45","763.76","56.21"
"715","43.29","763.36","56.19"
"716","43.24","763.315","56.12"
"717","43.16","763.685","56.08"
"718","43.26","763.5301","56.1301"
"719","43.37","763.02","56.1707"
"720","43.515","763.76","56.24"
"721","43.575","764.6002","56.245"
"722","43.51","764.56","56.275"
"723","43.53","766.05","56.39"
"724","43.48","765.85","56.45"
"725","43.55","767.2958","56.58"
"726","43.425","765.5","56.565"
"727","43.36","765.08","56.575"
"728","43.38","765.395","56.5146"
"729","43.31","765.295","56.53"
"730","43.33","764.965","56.49"
"731","43.385","764.6324","56.51"
"732","43.35","763.24","56.331"
"733","43.37","764.6","56.45"
"734","43.37","764.455","56.45"
"735","43.42","765.33","56.49"
"736","43.49","764.755","56.46"
"737","43.35","763.81","56.4"
"738","43.39","763.78","56.39"
"739","43.39","764.01","56.41"
"740","43.385","764.46","56.42"
"741","43.425","764.8043","56.44"
"742","43.48","764.91","56.52"
"743","43.42","765.28","56.5529"
"744","43.43","764.86","56.5381"
"745","43.45","764.98","56.57"
"746","43.51","765.45","56.62"
"747","43.46","764.84","56.57"
"748","43.475","765.0606","56.585"
"749","43.53","765.09","56.5647"
"750","43.46","764.13","56.53"
"751","43.43","764.16","56.475"
"752","43.425","764.25","56.4599"
"753","43.38","764","56.415"
"754","43.39","763.5","56.485"
"755","43.38","764.032","56.49"
"756","43.43","764.12","56.472"
"757","43.39","763.76","56.425"
"758","43.42","763.4958","56.41"
"759","43.46","763.74","56.46"
"760","43.46","764","56.4799"
"761","43.47","764.29","56.49"
"762","43.48","763.95","56.405"
"763","43.4801","764.6","56.415"
"764","43.42","763.53","56.31"
"765","43.47","764.29","56.33"
"766","43.44","764.02","56.28"
"767","43.45","763.71","56.27"
"768","43.35","763","56.21"
"769","43.32","761.98","56.15"
"770","43.425","763.74","56.24"
"771","43.46","764.27","56.26"
"772","43.42","763.99","56.26"
"773","43.43","763.62","56.27"
"774","43.405","763.24","56.25"
"775","43.46","763.56","56.34"
"776","43.42","763","56.28"
"777","43.435","763","56.28"
"778","43.49","763.89","56.34"
"779","43.43","762.71","56.29"
"780","43.345","763","56.279"
"781","43.29","762.49","56.2"
"782","43.28","761.78","56.17"
"783","43.26","761.3925","56.095"
"784","43.28","760.9","56.05"
"785","43.32","762.33","56.1201"
"786","43.3","761.9","56.17"
"787","43.37","763.39","56.26"
"788","43.41","763.3","56.31"
"789","43.44","762.675","56.28"
"790","43.46","762.49","56.26"
"791","43.41","763","56.15"
"792","43.62","762.7875","56.25"
"793","43.54","762.62","56.27"
"794","43.47","762.01","56.23"
"795","43.51","763.46","56.19"
"796","43.56","764.01","56.24"
"797","43.625","763.41","56.21"
"798","43.59","763.15","56.26"
"799","43.56","762.7","56.3399"
"800","43.6","764.2","56.505"
"801","43.6","765.88","56.58"
"802","43.51","765.5","56.48"
"803","43.47","766.01","56.63"
"804","43.52","766.19","56.625"
"805","43.59","766.19","56.67"
"806","43.48","765.96","56.4636"
"807","43.58","766.83","56.58"
"808","43.62","767.78","56.74"
"809","43.73","768.21","56.86"
"810","43.795","767.73","56.7644"
"811","43.78","768.54","56.81"
"812","43.8","768.35","56.7866"
"813","43.8","768.89","56.7699"
"814","43.81","768.28","56.79"
"815","43.85","768.61","56.89"
"816","43.88","769.17","56.96"
"817","43.85","769.37","56.93"
"818","43.76","768.6899","56.8836"
"819","43.72","767.73","56.8759"
"820","43.77","768.55","56.93"
"821","43.76","768.33","56.885"
"822","43.83","768.6201","56.93"
"823","43.88","769.33","56.95"
"824","43.85","768.56","56.91"
"825","43.91","769.35","56.97"
"826","43.92","769.91","56.96"
"827","43.83","769.36","56.975"
"828","43.86","769.87","56.95"
"829","43.84","769.17","56.94"
"830","43.81","768.87","56.905"
"831","43.76","768.615","56.865"
"832","43.85","768.47","56.87"
"833","43.82","768.65","56.885"
"834","43.86","769.78","56.99"
"835","43.82","769.45","56.97"
"836","43.75","768.95","56.905"
"837","43.805","769.15","56.97"
"838","43.79","769.72","56.97"
"839","43.76","770","57"
"840","43.78","770.68","57.05"
"841","43.79","770.86","57.0225"
"842","43.85","772.02","57.055"
"843","43.86","771.96","57.0995"
"844","43.86","771.81","57.09"
"845","43.83","771.75","57.12"
"846","43.86","771.6","57.12"
"847","43.86","771.14","57.085"
"848","43.87","770.96","57.095"
"849","43.93","771.9","57.22"
"850","43.91","772.3767","57.195"
"851","43.9037","771.67","57.21"
"852","43.88","772","57.245"
"853","43.895","772.01","57.23"
"854","43.94","772.09","57.265"
"855","43.97","772.46","57.25"
"856","43.98","772.99","57.3"
"857","43.98","773.09","57.29"
"858","43.99","773.47","57.345"
"859","43.95","773.25","57.2702"
"860","43.94","773.77","57.295"
"861","43.92","772.92","57.24"
"862","43.92","772.76","57.24"
"863","43.91","773.2","57.255"
"864","43.97","772.83","57.25"
"865","44","773.25","57.3"
"866","44.025","772.7","57.27"
"867","44","772.25","57.21"
"868","44","772.17","57.195"
"869","43.99","771.76","57.19"
"870","43.94","769.69","57.41"
"871","43.91","767.94","56.965"
"872","43.85","767.52","56.9"
"873","43.86","767.2118","56.9"
"874","43.95","766.4275","56.95"
"875","43.77","765.84","57.04"
"876","43.92","766.55","57.28"
"877","43.75","765.54","57.08"
"878","43.71","765","57.11"
"879","43.71","766.5","57.17"
"880","43.745","767.39","57.24"
"881","43.67","766.33","57.145"
"882","43.66","766.47","57.1"
"883","43.68","767.07","57.08"
"884","43.79","767.64","57.15"
"885","43.81","767.6601","57.2334"
"886","43.8","767.15","57.27"
"887","43.85","766.86","57.29"
"888","43.73","766.27","57.19"
"889","43.74","765.98","57.08"
"890","43.73","765.3","57.05"
"891","43.78","766.31","57.1293"
"892","43.72","765.66","57.12"
"893","43.695","766.12","57.12"
"894","43.695","765.47","57.08"
"895","43.68","765.7","57.06"
"896","43.682","766.12","57.11"
"897","43.705","766.18","57.1152"
"898","43.76","766.07","57.1"
"899","43.705","765.89","57.09"
"900","43.695","765.67","57.12"
"901","43.72","766.195","57.1"
"902","43.725","767","57.175"
"903","43.72","766.61","57.17"
"904","43.735","766.67","57.19"
"905","43.755","767.5958","57.2001"
"906","43.77","767.91","57.16"
"907","43.76","767.7892","57.13"
"908","43.775","768.08","57.15"
"909","43.71","767.74","57.07"
"910","43.73","767.8599","57.095"
"911","43.79","768.2","57.14"
"912","43.76","767.46","57.0569"
"913","43.82","768.19","57.115"
"914","43.77","767.44","57.083"
"915","43.76","767.28","57.08"
"916","43.74","767.18","57.1"
"917","43.76","767.12","57.12"
"918","43.71","767.11","57.08"
"919","43.72","766.82","57.0775"
"920","43.715","766.411","57.08"
"921","43.66","766.19","57.0548"
"922","43.64","766.12","57.065"
"923","43.665","766.29","57.07"
"924","43.63","766.29","57.08"
"925","43.635","766.94","57.06"
"926","43.685","767.6344","57.105"
"927","43.665","767.485","57.1298"
"928","43.605","767.08","57.07"
"929","43.59","767.38","57.0701"
"930","43.605","767.33","57.075"
"931","43.56","767.6399","57.12"
"932","43.57","767.33","57.11"
"933","43.595","768.02","57.16"
"934","43.6","768.26","57.135"
"935","43.54","768.28","57.109"
"936","43.54","767.28","57.055"
"937","43.565","767.85","57.091"
"938","43.64","768.32","57.1"
"939","43.715","767.4254","57.09"
"940","43.705","766.96","57.085"
"941","43.73","766.8","57.065"
"942","43.75","766.805","57.099"
"943","43.82","767.56","57.24"
"944","43.8089","767.28","57.23"
"945","43.76","767.04","57.22"
"946","43.79","767.65","57.28"
"947","43.715","768.13","57.25"
"948","43.67","768.26","57.25"
"949","43.92","772.42","57.28"
"950","43.83","772.41","57.52"
"951","43.75","773.43","57.6"
"952","43.62","772.5","57.61"
"953","43.635","772.47","57.65"
"954","43.78","772.29","57.63"
"955","43.82","773.7648","57.745"
"956","43.785","772.8468","57.675"
"957","43.69","772.24","57.63"
"958","43.65","772.08","57.645"
"959","43.62","771.4","57.65"
"960","43.5","770.5","57.6"
"961","43.44","769.76","57.51"
"962","43.44","769.84","57.58"
"963","43.29","769.1","57.53"
"964","43.32","768.025","57.53"
"965","43.28","768.495","57.51"
"966","43.28","767.96","57.525"
"967","43.25","767.95","57.47"
"968","43.18","768.42","57.515"
"969","43.33","769.4","57.55"
"970","43.32","769","57.51"
"971","43.335","769.66","57.4983"
"972","43.315","769.45","57.43"
"973","43.29","769.79","57.38"
"974","43.255","769.68","57.37"
"975","43.33","769.66","57.4175"
"976","43.305","769.99","57.38"
"977","43.26","769.66","57.38"
"978","43.26","769.88","57.34"
"979","43.27","769.83","57.36"
"980","43.26","770","57.31"
"981","43.21","769.06","57.3"
"982","43.08","767.68","57.15"
"983","43.04","767.16","57.07"
"984","43.08","766.67","57.05"
"985","43.13","767.14","57.13"
"986","43.14","767.18","57.11"
"987","43.16","768.17","57.1199"
"988","43.18","768.3608","57.125"
"989","43.15","767.91","57.13"
"990","43.155","768.2","57.13"
"991","43.09","767.47","57.05"
"992","43.09","767.465","57.08"
"993","43.19","767.87","57.12"
"994","43.17","767.966","57.13"
"995","43.16","767.73","57.125"
"996","43.17","766.995","57.07"
"997","43.16","766.88","57.04"
"998","43.05","765.06","56.905"
"999","43.095","764.61","56.8743"
"1000","43.095","764.875","56.91"
"1001","43.13","765.13","56.9757"
"1002","43.19","765.68","56.975"
"1003","43.23","765.92","56.98"
"1004","43.28","766.12","57"
"1005","43.32","766.5765","57.04"
"1006","43.35","766.508","57.08"
"1007","43.33","766.51","57.06"
"1008","43.369","766.74","57.0432"
"1009","43.4","767.335","57.06"
"1010","43.42","767.18","57.08"
"1011","43.4","767.35","57.07"
"1012","43.425","767.9","57.075"
"1013","43.44","768.74","57.15"
"1014","43.4","768.92","57.19"
"1015","43.41","770.196","57.2236"
"1016","43.35","769.6","57.195"
"1017","43.3","769.38","57.16"
"1018","43.295","768.5","57.13"
"1019","43.27","768.11","57.06"
"1020","43.28","768.54","57.1"
"1021","43.24","767.8","57.02"
"1022","43.225","766.95","57.01"
"1023","43.25","766.91","57.045"
"1024","43.26","766.98","57.05"
"1025","43.23","766.57","56.99"
"1026","43.205","766.03","57.01"
"1027","43.19","765.7","56.93"
"1028","43.24","769.9","57.25"
"1029","43.21","770.42","57.24"
"1030","43.015","771.35","57.225"
"1031","43.085","771.3886","57.15"
"1032","43.05","771.1678","57.14"
"1033","43.16","771.39","57.23"
"1034","43.04","771.24","57.18"
"1035","43.14","771.92","57.14"
"1036","43.09","771.92","57.0652"
"1037","43","770.47","56.92"
"1038","42.96","770.21","57.01"
"1039","42.95","770.26","57.05"
"1040","42.97","770.8","57.02"
"1041","42.93","769.9","56.87"
"1042","42.91","769.05","56.82"
"1043","42.955","769.58","56.8534"
"1044","43.01","769.335","56.875"
"1045","42.95","768.66","56.855"
"1046","42.97","769.1804","56.92"
"1047","42.98","769.73","56.915"
"1048","42.99","770.17","56.97"
"1049","42.96","770.45","56.9"
"1050","42.94","770.3601","56.91"
"1051","42.89","769.7875","56.86"
"1052","42.86","769.64","56.82"
"1053","42.85","770.3","56.83"
"1054","42.84","770.22","56.84"
"1055","42.81","770.38","56.82"
"1056","42.81","770","56.825"
"1057","42.82","770.12","56.855"
"1058","42.77","769.8501","56.81"
"1059","42.77","769.92","56.795"
"1060","42.77","769.88","56.815"
"1061","42.73","769.7","56.815"
"1062","42.74","770.15","56.87"
"1063","42.7501","770.57","56.885"
"1064","42.82","771.38","56.94"
"1065","42.79","770.95","56.8899"
"1066","42.82","771.1","56.875"
"1067","42.76","770.741","56.85"
"1068","42.71","770.14","56.75"
"1069","42.751","770.12","56.84"
"1070","42.7","770.2","56.775"
"1071","42.671","770.3597","56.8048"
"1072","42.71","770.53","56.83"
"1073","42.69","770.37","56.815"
"1074","42.72","770.89","56.83"
"1075","42.735","771.13","56.83"
"1076","42.73","771.235","56.845"
"1077","42.71","771.19","56.85"
"1078","42.79","771.79","56.905"
"1079","42.75","771.7","56.87"
"1080","42.78","772.18","56.87"
"1081","42.75","772.05","56.86"
"1082","42.78","772.46","56.94"
"1083","42.8292","772.59","56.977"
"1084","42.781","772.37","56.97"
"1085","42.795","772.56","56.97"
"1086","42.78","772.7","56.965"
"1087","42.7899","772.48","56.9499"
"1088","42.775","772.18","56.92"
"1089","42.8","772.74","56.97"
"1090","42.82","773.0556","56.985"
"1091","42.78","772.49","56.945"
"1092","42.7631","772.7898","56.978"
"1093","42.75","772.8","56.94"
"1094","42.755","773.02","56.96"
"1095","42.76","772.1","56.935"
"1096","42.79","771.54","56.945"
"1097","42.81","772.6099","56.99"
"1098","42.845","772.63","56.9795"
"1099","42.81","772","56.98"
"1100","42.82","772.04","56.965"
"1101","42.84","771.9125","56.96"
"1102","42.86","772.19","56.96"
"1103","42.83","771.66","56.91"
"1104","42.85","772.19","56.93"
"1105","42.84","772.35","56.89"
"1106","42.79","771.41","56.81"
"1107","43","772.61","57.49"
"1108","43.275","774.99","57.095"
"1109","43.37","775.225","57.295"
"1110","43.38","773.76","57.2775"
"1111","43.47","773.75","57.4101"
"1112","43.67","774.34","57.39"
"1113","43.56","774.4","57.435"
"1114","43.595","774.4","57.495"
"1115","43.575","773.9","57.525"
"1116","43.62","774.14","57.5166"
"1117","43.72","774.03","57.47"
"1118","43.75","774.0675","57.51"
"1119","43.775","773.92","57.46"
"1120","43.8","773.97","57.4573"
"1121","43.8","773.85","57.47"
"1122","43.855","774.58","57.5252"
"1123","43.77","773.335","57.5"
"1124","43.75","773.665","57.53"
"1125","43.7","772.825","57.46"
"1126","43.76","772.76","57.515"
"1127","43.74","771.77","57.395"
"1128","43.69","771.49","57.38"
"1129","43.67","771.46","57.35"
"1130","43.75","771.87","57.395"
"1131","43.71","771.7522","57.4399"
"1132","43.63","770.5527","57.395"
"1133","43.69","771.1265","57.395"
"1134","43.63","770.839","57.35"
"1135","43.69","770.9","57.4364"
"1136","43.685","770.26","57.4"
"1137","43.735","770.13","57.365"
"1138","43.76","770.36","57.39"
"1139","43.7","770.37","57.41"
"1140","43.71","770.02","57.38"
"1141","43.68","768.94","57.24"
"1142","43.67","769.21","57.25"
"1143","43.7","769.5199","57.2258"
"1144","43.69","769.03","57.195"
"1145","43.69","768.77","57.15"
"1146","43.74","768.8","57.14"
"1147","43.73","769.4","57.115"
"1148","43.74","769.78","57.15"
"1149","43.8","770.37","57.175"
"1150","43.83","770.24","57.22"
"1151","43.855","770.5611","57.21"
"1152","43.92","770.46","57.21"
"1153","43.87","770.03","57.19"
"1154","43.85","769.9725","57.14"
"1155","43.82","769.88","57.21"
"1156","43.835","770.24","57.22"
"1157","43.84","769.4","57.21"
"1158","43.85","769.99","57.21"
"1159","43.85","770.44","57.27"
"1160","43.8301","769.6","57.25"
"1161","43.79","770","57.3"
"1162","43.97","772.44","57.33"
"1163","43.995","773.34","57.36"
"1164","43.98","774.19","57.38"
"1165","43.9","773.1424","57.325"
"1166","43.83","771.555","57.21"
"1167","43.84","770.24","57.19"
"1168","43.9","771.85","57.2647"
"1169","43.96","772.9","57.36"
"1170","43.96","773.555","57.435"
"1171","43.99","773.001","57.42"
"1172","43.91","773.1192","57.3744"
"1173","43.99","774.96","57.52"
"1174","43.9933","774.84","57.57"
"1175","44.01","774.9749","57.565"
"1176","44.03","776.07","57.64"
"1177","44.03","775.65","57.65"
"1178","44.1","775.49","57.655"
"1179","44.095","775.24","57.65"
"1180","44.13","775.45","57.735"
"1181","44.13","775.73","57.765"
"1182","44.18","775.94","57.815"
"1183","44.19","776.69","57.84"
"1184","44.15","776.7","57.79"
"1185","44.14","776.22","57.76"
