,YHOO,AAPL,GOOG,MSFT,FB,LNKD
0,29.84,98.37,703.99,51.51,96.4501,196.98
1,29.765,98.26,700.96,51.0701,96.51,197.29
2,29.72,98.145,704,51.25,96.578,196.285
3,29.84,97.97,705,51.19,96.95,194.7575
4,29.59,98.07,702.8,51.13,96.86,192.32
5,29.46,97.84,702.51,51.14,96.815,193.25
6,29.56,97.86,699.22,51.15,96.4,193.16
7,29.58,97.9,701.0589,51.23,96.55,193.97
8,29.54,97.64,699.02,51.08,96.1998,195.045
9,29.59,97.71,698.745,51.09,96.04,195.78
10,29.605,97.8,699.5,51.22,96.19,194.835
11,29.69,97.9,700.455,51.21,96.36,195.86
12,29.82,98.0698,702.083,51.17,96.5602,196.6
13,29.81,97.82,702,51.194,96.59,196.53
14,29.76,97.3399,703.455,51.075,96.54,196.53
15,29.75,97.22,703.41,51.06,96.55,197.02
16,29.855,97.44,704.68,51.009,96.909,196.5525
17,29.8,97.03,702.84,50.71,96.43,196.43
18,29.78,97.01,703.215,50.71,96.32,196.15
19,29.78,97.03,704.24,50.825,96.33,195.525
20,29.77,97.09,704,50.9,96.3,195.51
21,29.71,96.99,703.57,50.7112,95.81,194.59
22,29.57,96.63,701.56,50.63,95.53,195.36
23,29.5618,96.26,702.0575,50.585,95.48,197.5
24,29.7,96.755,704.36,50.68,95.98,197.1
25,29.66,96.5561,704.26,50.64,95.94,197.14
26,29.73,96.73,704.9444,50.7,96.242,197.6
27,29.815,96.8101,709,50.815,96.2981,196.86
28,29.83,96.6099,707.95,50.78,96.13,196.26
29,29.87,96.4253,707.5,50.8201,96.03,196
30,29.82,96.45,706.94,50.875,95.85,195.59
31,29.78,96.585,707.205,50.77,95.742,195.61
32,29.755,96.47,706.59,50.71,95.518,196.01
33,29.83,96.59,708.02,50.83,95.915,195.255
34,29.775,96.29,706.0011,50.67,95.4,194.6
35,29.725,96.37,704.791,50.63,95.43,195.26
36,29.765,96.54,704.57,50.64,95.41,195.77
37,29.775,96.57,703.75,50.605,95.4494,196
38,29.77,96.63,704.54,50.64,95.415,195.9
39,29.7,96.48,702.32,50.5,95.31,195.31
40,29.71,96.4275,702.347,50.47,95.18,195.66
41,29.73,96.561,702.18,50.56,95.4,195.58
42,29.735,96.594,702.06,50.5339,95.428,196.37
43,29.74,96.5758,703.13,50.54,95.43,196.6
44,29.77,96.73,704.02,50.525,95.54,196.27
45,29.717,96.64,702.4044,50.54,95.33,196.88
46,29.79,96.76,704.7399,50.55,95.849,195.77
47,29.76,96.58,703.22,50.56,95.59,194.67
48,29.72,96.55,701.25,50.508,95.22,194.615
49,29.68,96.305,701.31,50.48,95.21,195.24
50,29.72,96.49,702.74,50.52,95.5,194.34
51,29.62,96.27,700.5,50.45,95.12,195.13
52,29.695,96.42,701.55,50.6,95.37,193.76
53,29.635,96.22,700.08,50.48,95.12,193.7
54,29.66,96.27,700.99,50.5,95.18,193.57
55,29.63,96.0807,699.98,50.5,94.94,192.71
56,29.5,95.77,696.8,50.22,94.3001,192.5339
57,29.47,95.5901,695.54,50.199,94.061,192.3876
58,29.47,95.67,695.94,50.16,94.289,192.4501
59,29.48,95.7999,697.16,50.28,94.53,192.77
60,29.55,96.08,697.81,50.415,94.7441,192.77
61,29.535,96.16,697.988,50.405,94.93,192.3563
62,29.46,96.06,696.69,50.39,94.71,191.82
63,29.355,95.7,693.8,50.16,94.23,192
64,29.37,95.68,694.3714,50.185,94.28,192.42
65,29.43,95.92,695.42,50.25,94.55,191.89
66,29.44,95.88,694.3351,50.2,94.52,192.1
67,29.59,96.32,697.88,50.41,95.03,191.28
68,29.54,96.131,697.48,50.37,94.85,190.59
69,29.51,96.12,696.14,50.2999,94.61,191
70,29.55,96.078,697.17,50.27,94.74,191.48
71,29.64,96.34,698.24,50.4415,94.9,191.87
72,29.71,96.71,701.157,50.58,95.22,192.39
73,29.755,96.76,702,50.66,95.31,193.36
74,29.71,96.759,702.29,50.6502,95.23,193.5
75,29.78,96.88,704.3545,50.805,95.3399,194.14
76,29.91,96.99,704.82,50.885,95.525,193.86
77,29.82,96.95,704.111,50.725,95.496,193.44
78,29.74,96.66,701.79,50.56,95.26,190.185
79,28.89,95.02,689.5,49.73,92.83,188.9099
80,28.68,95.3,689.19,50.07,93.36,189.285
81,28.26,94.85,687.4,49.97,92.93,189.14
82,28.21,95.06,688.711,50.09,92.9,187.8
83,28.32,95.14,686.57,50.07,92.56,186.01
84,28.195,94.63,683.5,49.84,92.16,185.97
85,28.115,94.51,682.11,49.715,91.09,185.835
86,27.98,94.49,680.87,49.68,91.13,186.23
87,28.155,94.649,684.44,49.835,91.86,186.12
88,28.18,94.58,686.97,49.81,91.61,186.58
89,28.075,94.175,687.7122,49.81,91.23,186.165
90,28.2,94.23,690.4048,49.98,91.729,184.77
91,28.195,94.03,687.96,49.93,91.185,183.94
92,27.94,93.7775,684.9348,49.79,90.52,184.275
93,27.87,93.76,681.54,49.69,89.6,184.13
94,28.06,94.0284,683.59,49.88,90.38,184.325
95,27.92,93.74,683.131,49.92,90.1299,184.1
96,27.77,93.43,680.24,49.68,89.751,184.02
97,27.82,93.53,678.1,49.635,90.33,183.85
98,27.87,93.535,677.42,49.71,90.27,184.526
99,27.915,93.585,678.9987,49.631,90.3102,184.515
100,28,93.91,681.068,49.71,90.56,185.11
101,28.02,94.2301,682.999,49.77,91.08,184.92
102,27.95,94.135,681.3848,49.72,90.85,185.63
103,28,94.295,682.98,49.84,91.07,185.7175
104,28.08,94.58,684.51,50.085,91.04,185.8
105,27.995,94.665,682.72,50.04,90.67,186.57
106,27.945,94.435,680.6,50.0699,90.19,186.165
107,27.905,93.99,682.42,50.07,90.5,186.14
108,27.775,93.82,679.64,49.695,90.44,186.23
109,27.88,94.08,680.74,49.728,91.18,185.48
110,27.835,94.13,680.25,49.6849,91.23,186.425
111,27.635,94.0079,677.8117,49.535,90.91,186.08
112,27.62,94.05,678.78,49.64,90.87,184.3001
113,27.595,94.0402,678.0577,49.45,90.55,184.2299
114,27.53,93.875,675.522,49.18,90.27,184.65
115,27.49,93.98,674.18,49.2646,90.16,183.79
116,27.6,94.0211,676.089,49.4154,90.53,183.75
117,27.57,94.0458,675.03,49.46,90.2798,184.48
118,27.605,93.9901,674.99,49.3903,90.25,185.59
119,27.63,94.07,675.25,49.38,90.42,186.608
120,27.77,94.21,678,49.52,90.79,186.0329
121,27.94,94.57,680.16,49.75,91.391,185.2
122,28.03,94.76,682.22,49.92,91.6,184.88
123,27.96,94.48,680.55,49.8242,91.4098,183.87
124,27.98,94.45,680.26,49.88,91.45,183.63
125,27.88,94.24,677.25,49.75,91.0892,184.065
126,27.95,94.681,680.11,49.95,91.4,185.23
127,27.99,94.69,678.76,49.97,91.3775,185.82
128,28.09,94.96,681.82,50.15,91.7714,186.6999
129,28.23,95.39,686.17,50.25,92.44,187.81
130,28.38,95.44,689.64,50.4,92.57,188.53
131,28.43,95.38,691.08,50.51,92.98,187.69
132,28.5,95.644,693.17,50.625,92.85,187.16
133,28.41,95.585,692.8401,50.69,92.92,187.86
134,28.24,95.3092,690,50.423,92.72,188.32
135,28.295,95.63,691.37,50.509,92.78,188.79
136,28.34,95.84,691.69,50.5049,93.1,188.7798
137,28.32,95.76,690.61,50.5,93.1,188.32
138,28.32,95.87,689.68,50.35,92.88,187.73
139,28.24,95.7,687.42,50.2499,92.52,188.24
140,28.18,95.6701,687,50.17,92.31,188.415
141,28.345,95.72,689.9999,50.27,92.73,188.726
142,28.3,95.52,688.99,50.2,92.74,188.89
143,28.39,95.71,689.81,50.1901,92.93,189.17
144,28.5147,95.981,691.52,50.35,93.47,188.62
145,28.51,95.88,691.48,50.28,93.08,188.46
146,28.6875,96.155,694.32,50.5,93.525,189.38
147,28.75,96.44,698.39,50.6,93.82,191.27
148,28.75,96.51,698.88,50.58,93.77,189.77
149,28.98,97.43,703.915,50.92,94.66,191.71
150,29.04,97.435,704.45,51.13,94.54,189.7
151,29.06,97.99,706.12,51.25,94.86,190.0138
152,28.91,97.3901,701.7,50.9254,94.19,189.47
153,28.98,97.49,702.35,51.14,94.9722,188.5
154,28.81,97.33,699.71,51.06,94.37,189.37
155,28.77,97.11,698.64,50.99,94.37,189.31
156,28.85,97.15,700.01,50.9817,94.75,191.75
157,28.78,96.79,698.45,50.79,94.35,190.315
158,28.69,97.11,701.22,51.24,94.88,188.54
159,28.78,96.22,704.86,51.03,94.77,186.43
160,28.37,95.59,702.36,50.81,93.62,186.275
161,28.47,95.14,699,50.7,93.26,187.21
162,28.27,95.27,697.77,50.52,93.0117,187.995
163,28.47,95.39,700.481,50.59,93.719,190.06
164,28.38,95.27,695.44,50.6,93.58,191.7
165,28.8,96.0188,703.1001,50.675,94.46,192.475
166,28.94,96.12,704.05,50.83,94.75,192.265
167,29,96.45,709.07,51.03,95.1312,191.45
168,28.935,96.635,711.15,51.156,95.04,191.7422
169,28.8,96.21,707.5,50.92,94.67,193.23
170,29.07,96.56,711.45,51.125,95.37,192.6
171,29.14,96.75,711.04,51.19,95.45,192.75
172,29.095,96.67,709.49,51.08,95.26,192.785
173,29.2,96.6099,709.77,51.19,95.13,192.695
174,29.2,96.75,713.58,51.326,95.4,192.37
175,29.255,96.83,713.82,51.32,95.47,192.93
176,29.13,96.47,710.32,51.13,95.1214,192.45
177,29.29,96.94,712.945,51.44,95.39,192.94
178,29.26,97.23,711.8,51.41,95.4,192.41
179,29.29,96.97,713.6,51.46,95.39,191.42
180,29.27,96.92,712.75,51.41,95.21,191.09
181,29.2,96.88,712.37,51.37,95.115,190.612
182,29.12,96.89,711.78,51.32,94.79,192.32
183,29.12,96.94,710.78,51.2,94.84,191.92
184,29.235,97.19,711.12,51.265,95.11,192.9628
185,29.25,97.15,710.6252,51.246,94.95,192.96
186,29.39,97.43,712.56,51.36,95.3,193.79
187,29.36,97.35,712.25,51.28,95.31,194.99
188,29.42,97.71,715,51.495,95.6,194.83
189,29.53,97.58,717.1,51.49,95.78,194.9
190,29.52,97.495,717.28,51.4747,95.81,194.8209
191,29.6,97.47,716.89,51.41,95.75,194.255
192,29.63,97.477,716.395,51.37,95.73,194.89
193,29.52,97.59,716.77,51.36,95.76,195.065
194,29.66,97.65,717.9,51.385,95.907,194.49
195,29.63,97.62,718.31,51.34,95.84,193.95
196,29.57,97.71,717.38,51.32,95.82,193.47
197,29.57,97.53,715.9,51.23,95.64,192.98
198,29.59,97.364,716.995,51.21,95.74,193.17
199,29.605,97.24,716.125,51.18,95.69,193.66
200,29.67,97.365,716.17,51.01,95.6,193.89
201,29.66,97.49,716.9,51.165,95.7001,193.335
202,29.77,97.5295,716.355,51.26,95.7506,193.22
203,29.655,97.36,714.2101,51.12,95.439,191.97
204,29.64,97.38,714.48,51.13,95.6399,192.28
205,29.46,97.12,712.21,50.945,95.45,191.88
206,29.42,96.98,711.02,50.89,95.15,192.4275
207,29.32,96.89,709.71,50.75,95.02,191.99
208,29.48,97.07,711.92,50.9,95.35,192.32
209,29.47,97.06,711.29,50.97,95.27,191.6204
210,29.51,97.136,711.66,51.035,95.33,191.56
211,29.43,96.83,709.89,50.81,95.12,191.51
212,29.43,96.84,711.1205,50.8165,95.15,190.95
213,29.41,96.85,710.72,50.84,95,189.87
214,29.32,96.56,708.815,50.73,94.81,190.42
215,29.17,96.285,706.79,50.465,94.38,190.36
216,29.17,96.09,708.64,50.375,94.445,190.8
217,29.15,96.04,708.1924,50.4,94.22,191.2245
218,29.22,96.15,707.6713,50.5,94.39,191.21
219,29.27,96.32,708.605,50.54,94.5311,191.11
220,29.32,96.6281,710.0825,50.62,94.8,190.234
221,29.345,96.6,710.43,50.665,94.8568,190.63
222,29.19,96.44,706.73,50.52,94.375,190.45
223,29.32,96.655,707.86,50.69,94.72,190.41
224,29.5,96.95,709.11,50.765,94.895,190
225,29.46,96.77,709.08,50.64,94.77,190.13
226,29.33,96.37,706.9,50.52,94.3,190.39
227,29.45,96.53,707.88,50.62,94.4,190.21
228,29.43,96.5,707.94,50.56,94.43,189.68
229,29.45,96.6,708.4,50.6,94.535,190.7
230,29.38,96.28,707.41,50.54,94.252,190.39
231,29.5,96.79,710.165,50.8,94.81,190.64
232,29.48,96.7,710.5589,50.74,94.65,190.342
233,29.49,96.66,711,50.735,94.72,190.32
234,29.4,96.46,708.33,50.59,94.42,189.66
235,29.435,96.62,709.2022,50.695,94.59,199.68
236,29.31,96.3,706.59,50.48,94.16,199.13
237,29.92,98.64,723.04,51.55,96.43,198.85
238,30.44,98.88,725.015,51.51,96.28,198.4775
239,29.88,98.645,724,51.45,96.12,198.27
240,30.173,99.09,723.745,51.545,96.0399,197.87
241,30.1,99.43,724.415,51.68,95.922,197.98
242,29.985,99.75,725,51.8,96.26,197.785
243,30.05,99.8489,726.24,51.68,96.08,197.11
244,30.11,99.49,726.72,51.86,96.48,197.205
245,30.15,99.26,725.64,51.862,96.47,197.8875
246,30.19,99.75,726.92,52.03,96.81,197.74
247,30.13,99.78,726.9424,52.15,96.88,197.66
248,29.97,99.591,726.48,51.96,96.846,197.95
249,29.95,99.48,727.29,52.07,97.25,197.92
250,30.025,99.725,727.69,52.07,97.39,198.02
251,29.98,99.92,727.29,52.3,97.274,197.9227
252,29.92,99.95,726.98,52.04,97.1601,198
253,29.88,99.87,725.335,52,97.04,197.94
254,29.79,99.69,724.269,51.91,96.81,197.95
255,29.7631,99.46,723.7,51.93,96.8037,197.98
256,29.78,99.23,723.51,51.85,96.85,197.93
257,29.73,99.05,723.28,51.9,96.774,197.96
258,29.65,99.15,723.68,51.99,96.66,197.73
259,29.715,99.44,724.67,52.07,96.78,198.02
260,29.7,99.39,724.564,52.08,96.8101,198.32
261,29.66,99.51,725.69,52.065,97.02,197.88
262,29.65,99.2417,724.26,52.06,96.969,197.71
263,29.51,99.04,722.9197,51.97,96.48,197.9484
264,29.6,99.18,723.38,52.045,96.51,198.142
265,29.53,99.33,722.7999,51.975,96.44,197.7071
266,29.63,99.58,723.15,52.06,96.6063,197.54
267,29.51,99.37,722.06,52.04,96.51,197.79
268,29.51,99.45,723.7899,52.075,96.81,197.97
269,29.48,99.73,723.6,52.13,96.94,197.91
270,29.58,99.8558,724.26,52.19,97.02,198.21
271,29.625,99.96,723.51,52.24,97.0099,198.17
272,29.685,100.02,724.205,52.17,97.01,197.91
273,29.7,100.045,724.6,52.12,97.09,198.45
274,29.67,100,723.8631,52.04,96.97,198.36
275,29.745,100.21,724.39,52.16,97,198.33
276,29.685,100.2101,723.6275,52.09,96.96,199.07
277,29.64,99.815,723.745,52.12,96.97,198.99
278,29.66,99.95,725.16,52.17,97.21,198.72
279,29.69,100.19,725.51,52.1176,97.32,198.66
280,29.56,100.15,724.8981,52.07,97.37,199.11
281,29.47,100.06,723.84,52.07,97.2,199.455
282,29.54,100.17,724.5,52.08,97.36,199.53
283,29.575,100.19,725.09,52.13,97.55,199.11
284,29.6,100.205,725.78,52.16,97.58,199.38
285,29.52,100.165,725.35,52.14,97.52,199.507
286,29.51,100.12,725.71,52.1735,97.6,198.6
287,29.46,100.11,725.5,52.07,97.468,198.75
288,29.5,100.14,725,52.085,97.47,198.99
289,29.57,100.1998,725.87,52.2,97.48,199.32
290,29.56,100.24,725.97,52.16,97.54,199.7
291,29.55,100.36,725.9,52.2,97.58,199.82
292,29.48,100.3261,725.74,52.1799,97.54,199.98
293,29.56,100.62,726.53,52.23,97.83,200
294,29.56,100.64,727.14,52.25,98.0285,199.24
295,29.59,100.6,727.18,52.27,98.01,198.77
296,29.48,100.415,725.12,52.1257,97.85,198.512
297,29.44,100.5699,725.24,52.12,97.71,197.89
298,29.39,100.6199,724.98,52.21,97.77,197.87
299,29.38,100.51,724.94,52.1611,97.68,198
300,29.32,100.5525,724.82,52.1001,97.685,198.1
301,29.405,100.7,725.34,52.195,97.85,197.97
302,29.46,100.89,725.4,52.245,97.7541,197.58
303,29.425,100.91,724.74,52.23,97.6401,197.47
304,29.44,100.77,725.66,52.21,97.65,198.01
305,29.33,100.6017,724.42,52.114,97.33,197.84
306,29.4,100.73,724.745,52.095,97.38,197.91
307,29.416,100.62,723.715,52.07,97.24,198.5
308,29.44,100.7501,723.47,52.04,97.38,198.19
309,29.485,100.89,724.298,52.17,97.67,198.86
310,29.44,100.88,723.33,52.135,97.61,199.64
311,29.55,101.065,724.12,52.205,97.7911,199.31
312,29.65,101.37,723.84,52.24,97.94,199.72
313,29.69,101.33,723.49,52.29,97.825,199.47
314,29.68,101.42,724.34,52.2699,97.87,198.02
315,29.75,101.42,725.25,52.28,97.94,197.595
316,30.02,101.42,723.01,51.96,98.55,196.01
317,30.01,101.0239,724.08,51.99,98.248,196.03
318,29.96,100.815,726.635,52.011,98.7,195.5075
319,30.08,100.47,727,51.9035,98.672,195.88
320,29.98,100.23,726.34,51.93,98.67,197.5
321,29.87,100.4261,722.225,52.04,98.335,197.09
322,29.91,100.895,725.31,52.055,99.01,196.12
323,30.05,101.301,727.79,52.19,99.284,196.09
324,29.99,101.155,726.465,52.055,98.96,196.92
325,30.029,101.13,726.88,52.08,98.73,196.63
326,30.19,101.285,726.855,51.9899,98.7032,196.34
327,30.37,101.21,727.08,52.13,98.96,196.49
328,30.27,100.961,725.99,52.03,98.95,195.7585
329,30.27,101.1,726.43,52.11,98.78,196.47
330,30.25,100.9878,726.54,52.1144,98.99,195.83
331,30.165,100.61,726.02,52.1,98.7,195.78
332,30.21,100.67,726.215,52.15,98.59,195.445
333,30.1,100.52,725.73,52.16,98.41,195.37
334,30.04,100.78,725.77,52.16,98.41,195.1
335,30.02,100.73,724.2,52.15,98.327,195.1351
336,29.96,100.72,723.4,52.08,98.3,195
337,29.855,100.46,721.98,52.07,98.0851,195.01
338,29.85,100.44,721.07,52.05,98.17,194.3757
339,29.855,100.715,721.59,52.12,98.09,193.9516
340,29.89,100.6201,723.18,52.21,98.072,194.07
341,29.87,100.51,723.25,52.17,98.08,193.485
342,29.78,100.4301,722.83,52.195,98.07,195.13
343,29.685,100.43,722.26,52.11,97.7899,194.81
344,29.73,100.4511,721.616,52.07,97.83,194.45
345,29.87,100.64,723.76,52.135,98.085,194.47
346,29.855,100.49,722.54,52.11,98.064,193.97
347,29.88,100.3755,722.35,52.13,98.185,194.8417
348,29.855,100.455,722.13,52.1499,98.195,195.47
349,29.83,100.424,722.52,52.09,98.144,194.77
350,29.9,100.54,723,52.16,98.3,194.92
351,29.89,100.451,723.3541,52.155,98.33,194.93
352,29.89,100.276,723.575,52.195,98.41,195.79
353,29.86,100.5,724.89,52.18,98.36,195.42
354,29.85,100.99,725.2,52.33,98.8,195.4975
355,29.86,100.95,726.1225,52.29,98.73,195.6
356,29.895,100.829,726.18,52.335,98.88,195.76
357,29.86,100.72,726.17,52.3985,98.8,196.18
358,29.86,100.8425,727.01,52.45,98.99,196.3325
359,29.88,101.065,727.41,52.53,99.21,196.23
360,29.92,100.94,728.86,52.52,99.39,196.39
361,29.93,100.88,728.24,52.5899,99.42,196.26
362,29.95,100.9,729.16,52.57,99.38,196.105
363,30,100.83,729.15,52.57,99.21,196
364,29.94,100.759,728.56,52.505,99.11,196.14
365,29.94,100.66,728.67,52.48,99.16,195.68
366,29.92,100.75,728.14,52.53,99.21,195.17
367,29.8899,100.7651,727.53,52.55,99.21,194.5186
368,29.84,100.66,726.125,52.43,98.89,194.83
369,29.755,100.6162,725,52.395,98.63,194.5148
370,29.815,100.49,725.01,52.325,98.37,194.4
371,29.88,100.47,723.68,52.34,98.41,194.46
372,29.9,100.55,723.46,52.4299,98.46,194.26
373,29.88,100.47,723,52.39,98.37,194.81
374,29.93,100.48,722.47,52.4151,98.4,194.78
375,29.93,100.51,721.54,52.39,98.33,194.58
376,29.905,100.5301,721.84,52.42,98.37,194.51
377,29.94,100.49,721.98,52.435,98.47,194.37
378,29.97,100.5056,722.26,52.475,98.47,194.415
379,29.95,100.37,721.91,52.42,98.23,194.4
380,29.88,100.38,720.03,52.36,98.1,194.75
381,29.915,100.4,721.41,52.425,98.16,194.0785
382,29.96,100.41,720,52.431,98.045,193.77
383,29.9699,100.4798,720.85,52.45,98.24,193.24
384,29.85,100.3,718.14,52.31,97.94,192.766
385,29.85,100.17,715.82,52.21,97.6399,192.54
386,29.89,100.225,715.1,52.23,97.43,192.97
387,29.79,99.98,713.37,52.1,97.21,193.16
388,29.89,99.77,713.39,52.06,97.2921,193.5
389,29.86,99.7458,711.99,51.89,97.24,193.89
390,29.85,99.485,711,51.81,97.14,193.23
391,29.83,99.47,710.14,51.67,97.07,193.47
392,29.87,99.61,712.2,51.8015,97.23,193.28
393,29.87,99.69,713.45,51.795,97.28,193.15
394,29.78,99.41,711.67,51.79,97.01,192.8
395,29.75,99.66,714.74,51.86,97.67,190.63
396,29.9,99.2018,717.33,52.12,97.42,190.654
397,29.74,98.52,712.83,51.88,96.74,190.43
398,29.83,98.93,713.6,51.8501,96.65,191.59
399,29.76,98.53,709.67,51.58,96.5,192.624
400,29.76,98.28,708.24,51.72,95.9603,192.04
401,29.815,98.452,708.7,51.72,95.81,192.05
402,29.98,98.55,711.34,51.7125,96.34,191.365
403,30.08,98.78,710.95,51.845,96.49,191.54
404,29.99,99.0965,711.36,51.955,96.4,191.8
405,30.05,99.1601,710.97,51.99,96.5,192.7385
406,29.98,99.09,708.69,52.15,96.47,192.65
407,29.93,99.27,707.54,52.09,96.25,192.3601
408,29.92,99.2427,707.39,52.0723,96.275,192.79
409,29.95,99.75,710.09,52.16,96.751,192.7
410,30.05,99.76,710.675,52.26,96.65,192.86
411,29.95,99.475,710.3887,52.205,96.51,192.8
412,29.88,99.5,710.451,52.145,96.585,193.04
413,29.91,99.72,710,52.12,96.59,193.06
414,29.95,99.885,711.68,52.325,96.6901,192.75
415,29.95,100.0742,712.12,52.31,96.55,193.55
416,29.93,100.03,712.8,52.385,96.534,193.295
417,29.925,100.015,713.825,52.35,96.44,193.07
418,29.89,99.86,712,52.35,96.12,193.5
419,29.94,100.1,713.45,52.42,96.45,193.36
420,29.84,100.125,712.12,52.28,96.4,194.08
421,29.89,100.28,711.96,52.135,96.51,194.33
422,29.86,100.72,711.81,52.225,96.7112,194.58
423,29.87,100.47,710.825,52.1301,96.78,194.33
424,29.91,100.55,711.18,52.2399,96.84,194.905
425,29.95,100.36,710.91,52.13,96.91,194.79
426,29.97,100.505,713.06,52.23,97.05,194.98
427,29.98,100.3985,712.5,52.1899,96.84,194.87
428,30.0299,100.695,714.9026,52.36,97.13,195.22
429,30.025,100.5562,715.85,52.39,97.1243,194.89
430,30.04,100.47,715.75,52.37,97.28,195.01
431,30.045,100.418,715.36,52.37,97.26,194.9795
432,30.11,100.46,715.6279,52.33,97.3907,194.54
433,30.084,100.37,715.01,52.29,97.25,194.6
434,30.05,100.2599,715,52.25,97.28,195.01
435,30.03,100.3,715.095,52.18,97.17,194.8
436,29.96,100.355,714.0525,52.21,97.028,195.09
437,29.98,100.385,713.82,52.22,97.07,195.45
438,30,100.29,714.1477,52.185,97.3214,195.98
439,29.97,99.97,713.33,52.25,97.36,196.3
440,29.97,99.99,713.92,52.25,97.375,195.87
441,30.01,100.1353,714.42,52.25,97.55,195.4
442,30.105,100.225,716.065,52.319,97.7092,195.17
443,30.13,100.224,715.69,52.345,97.7692,195.59
444,30.125,100.1701,715.5125,52.33,97.68,195.46
445,30.07,100.195,713.16,52.297,97.56,195.73
446,30.1,100.18,713.2353,52.3,97.5401,195
447,30.19,100.14,714.54,52.37,97.7286,194.82
448,30.14,100.12,713.9,52.32,97.67,194.83
449,30.12,100.1153,712.6,52.315,97.595,195.185
450,30.04,100.0001,711.74,52.17,97.405,195.3
451,30.0399,100.065,711.02,52.1784,97.362,195.24
452,29.98,100.06,710.156,52.13,97.1599,195.32
453,30,100.07,710.18,52.185,97.14,194.7
454,29.99,100.0601,710.47,52.2078,97.06,195.13
455,29.88,100.125,709.14,52.15,96.83,194.845
456,29.88,100.5186,710.089,52.1633,96.78,195.68
457,29.9,100.534,710.45,52.18,96.85,195.03
458,29.945,100.79,712.03,52.175,97.025,195.01
459,29.89,100.6201,711.065,52.12,96.8,194.89
460,29.9529,100.695,712.84,52.23,97.1399,195.5
461,29.87,100.34,710.66,52.13,96.9,195.31
462,29.84,100.11,710.38,52.035,96.7158,195.1424
463,29.84,100.0461,710.28,52.0401,96.689,195.468
464,29.9,99.93,711,52.13,96.88,195.255
465,29.88,99.7575,710.37,52.095,96.76,196.035
466,29.88,99.18,711.04,52.11,96.89,196.29
467,29.88,99.47,710.775,52.1199,96.9,196
468,29.85,99.69,710.37,52.11,96.91,195.67
469,29.87,99.522,711.615,52.153,97.06,196.03
470,29.995,99.62,713.5,52.29,97.34,195.17
471,29.98,99.36,713.06,52.175,97.295,193.54
472,29.95,99.485,711.9,52.07,97.16,194.055
473,29.98,99.99,713.04,52.17,97.34,194.18
474,29.85,96.01,713,52,97.77,193.44
475,30.12,95.74,711.55,52.005,97.6,192.868
476,30.095,95.22,710.215,52.06,97.26,192.8492
477,30.16,95.092,708.41,52.01,96.73,192.38
478,30.34,94.93,710,52.03,97.0881,191.74
479,30.42,95.05,711.43,52.0092,96.8994,192.16
480,30.4,95.3117,710.61,52,96.92,192.7504
481,30.3,95.4401,707.67,51.68,96.618,192.47
482,30.33,95.18,708.19,51.675,96.5,192.43
483,30.18,95,704.45,51.42,96.05,193.02
484,30.14,94.9949,704.2899,51.425,96.38,192.81
485,30.16,95.01,703.13,51.37,96.245,192.605
486,30.08,94.69,705.1,51.29,96.09,191.855
487,30.09,94.6999,704.66,51.51,96.09,191.51
488,30.23,94.71,708.31,51.645,96.36,191.725
489,30.33,94.81,708.28,51.53,96.11,191.5
490,30.33,94.61,706.92,51.42,96.36,191.025
491,30.28,94.589,704.82,51.51,96.2,190.83
492,30.25,94.2715,706.63,51.67,96.39,190.55
493,30.36,94.4,707.0825,51.68,96.34,190.65
494,30.29,94.245,707.53,51.655,96.3,191.02
495,30.21,94.14,707.52,51.61,96.13,191.31
496,30.26,94.245,709.57,51.75,96.1899,191.5
497,30.3,94.215,711.48,51.82,96.31,192.0895
498,30.315,94.205,711.57,51.8,96.44,191.555
499,30.4,94.43,713,51.85,96.705,191.575
500,30.4,94.7601,713.628,51.98,96.79,192.39
501,30.45,95.1262,714,52.06,96.43,192.25
502,30.38,95,714.4827,51.97,96.497,193.3096
503,30.31,95.05,713.0001,51.955,96.4799,193.91
504,30.36,95.4065,712.75,52.04,96.715,194.25
505,30.38,95.3899,713.1,52.1,96.82,193.605
506,30.32,95.34,712.33,52.05,96.87,192.83
507,30.435,95.985,714.05,52.085,97.1242,193.485
508,30.47,95.939,714.04,52.12,97.27,193.64
509,30.43,95.71,713.18,52.03,97.06,192.71
510,30.4101,95.5239,712.83,52.0701,96.995,193
511,30.4,95.2082,712.92,52.01,97.07,192.39
512,30.44,95.44,712.91,52.065,97.007,191.82
513,30.44,95.5,712.45,52.0401,97.1321,191.76
514,30.51,95.56,713.05,52.105,97.388,191.74
515,30.495,95.29,712.0565,52.125,97.2685,191.06
516,30.47,95.31,711.9011,52.06,97.113,191.47
517,30.39,95.297,711.99,52.055,97.13,190.92
518,30.43,95.47,712.17,52.07,97.2815,190.525
519,30.4,95.71,711.19,52,97.22,190.19
520,30.29,95.48,711.5,52.01,97.28,190.17
521,30.24,95.55,711.7,52.08,97.11,190.36
522,30.19,95.426,710.845,52.0201,97.12,190.325
523,30.215,95.435,710.71,52.025,97.08,190.3701
524,30.18,95.33,710.3,52.045,96.955,190.28
525,30.14,95.28,711.13,51.98,96.6,189.1
526,30.16,95.125,711.33,51.99,96.68,189.52
527,30.17,95.1185,710.94,51.96,96.636,189.965
528,30.285,95.28,712.15,52.07,96.96,189.7
529,30.24,95.21,716.9,51.96,97.1,190.63
530,29.94,94.67,708.75,51.63,96.28,190.63
531,29.99,94.671,709.33,51.71,96.3885,189.57
532,30.06,94.81,710.825,51.76,96.55,190.05
533,30.03,94.6639,710.295,51.7,96.41,190.085
534,30.06,94.75,709.79,51.82,96.5399,189.71
535,30.08,94.5965,709.57,51.83,96.35,189.53
536,30,94.17,704.43,51.58,95.62,188.14
537,30.06,94.0701,705.79,51.53,95.642,188.01
538,30.07,94.32,705.785,51.5562,95.75,186.8104
539,30.04,94.1653,703.93,51.45,95.54,187.09
540,29.95,94.08,703,51.393,95.22,188.44
541,29.76,93.86,699.86,51.305,94.9395,188.66
542,29.73,94.03,700.3125,51.3199,95.18,188.11
543,29.5,93.704,695.17,51.11,94.59,188.2
544,29.48,93.599,694.67,51.125,94.44,188.54
545,29.56,93.94,697.2922,51.26,94.58,188.035
546,29.53,93.91,698.385,51.165,94.6269,187.63
547,29.565,93.9142,698.97,51.17,94.6263,188.12
548,29.57,93.605,698.355,51.075,94.4,194.15
549,29.66,93.71,699.06,51.1308,94.73,195.8
550,29.73,93.53,700.28,51.195,94.83,194.955
551,29.7,93.379,699.37,51.185,94.5,195.49
552,29.69,93.42,699.99,51.22,94.45,193.05
553,30.59,93.8988,721.25,51.87,107.05,191.27
554,30.49,93.6101,724.27,51.64,107.02,192.74
555,30.3,93.926,722.2512,51.53,107.38,191.08
556,29.73,93.49,721.25,51.87,106.94,191.065
557,29.831,93.585,721.325,51.81,106.77,190.34
558,29.55,93.805,721.665,52.02,106.8189,190.15
559,29.5,93.5975,721.57,52.05,106.899,189.94
560,29.36,93.41,719.6799,51.8165,106.54,190.87
561,29.14,93.75,719.94,51.745,107.0301,189.49
562,29.1,93.49,718.424,51.725,106.568,189.595
563,28.96,93,717.69,51.41,106,191.48
564,29.09,93.01,720,51.66,106.29,192.25
565,28.95,92.795,716.86,51.4958,105.93,192.44
566,28.99,92.635,713.82,51.33,105.3754,191.7528
567,29.0725,93.32,717,51.49,105.73,192.455
568,29.31,93.51,719.4,51.375,106.3,192.47
569,29.31,93.46,719.22,51.46,106.8,192.29
570,29.26,93.24,716.15,51.4,106.5599,192.29
571,29.34,93.44,718.79,51.48,106.987,192.505
572,29.37,93.64,720.09,51.58,107.45,191.975
573,29.36,93.63,720.7203,51.78,107.3267,190.75
574,29.3,93.56,719.8075,51.805,107.4,190.42
575,29.23,93.7615,721.55,51.84,107.39,190.05
576,29.36,93.71,723.36,51.86,107.68,190.1644
577,29.19,93.4,720.65,51.69,107.33,190.07
578,29.15,93.366,719.685,51.525,107,189.89
579,29.17,93.38,719.19,51.425,107.24,190.99
580,29.16,93.15,720,51.5,107.24,190.369
581,29.225,93.01,719.97,51.41,107.39,190.3
582,29.22,93.04,719.92,51.46,107.742,190.1
583,29.15,93.01,719.19,51.3401,107.793,190.98
584,29.29,93.2363,721.87,51.595,107.82,190.97
585,29.23,93.34,723.08,51.595,107.84,191.575
586,29.365,93.444,727.26,51.73,108.188,192.02
587,29.26,93.2,726.8,51.66,108.24,192.33
588,29.395,93.5851,732.3185,51.92,108.7326,191.97
589,29.41,93.6,733.1,51.96,108.95,191.7735
590,29.47,93.64,731.6164,52.1184,109.01,191.17
591,29.35,93.71,732.2,52.03,109.227,190.7401
592,29.35,93.82,730.44,52.1,108.98,191.02
593,29.32,93.8602,732.25,52.13,109.15,192.135
594,29.27,93.45,732.12,51.95,109.37,190.98
595,29.22,93.4,731.985,51.8887,109.5,190.405
596,29.25,93.42,731.05,51.965,109.35,190.61
597,29.32,93.4639,731.35,51.99,109.2,191.31
598,29.35,93.75,731.51,52.01,109.432,190.75
599,29.21,93.38,728.212,51.67,108.69,191.165
600,29.19,93.3479,728.32,51.5,108.4099,191.315
601,29.27,93.5,730.35,51.7,108.79,190.86
602,29.3,93.6601,731.32,51.81,109.0337,189.9
603,29.26,93.7,730.36,51.74,108.93,190.5965
604,29.2501,93.74,729.91,51.765,109.295,190.7
605,29.28,93.77,730.55,51.725,109.42,190.98
606,29.211,93.7099,730,51.71,109.28,190.77
607,29.12,93.448,728.08,51.56,109.075,191.06
608,29.19,93.7901,731.46,51.74,109.795,191.59
609,29.17,93.84,731.86,51.88,109.8,191.89
610,29.08,93.772,731.74,51.83,109.97,191.16
611,28.99,93.79,730.53,51.84,109.89,191.1191
612,28.93,93.96,730.95,51.95,109.9001,191.34
613,29.015,94.34,733,51.99,110.1881,191.05
614,28.945,94.47,731.82,51.97,110.285,191.02
615,28.945,94.25,731.02,51.78,109.78,191.1662
616,28.89,94.17,730.15,51.725,109.845,191.19
617,28.89,94.09,730.15,51.71,109.9501,191.23
618,28.82,93.865,727.412,51.63,109.69,191.44
619,28.89,93.895,728.09,51.755,109.4563,191.305
620,28.82,93.795,728,51.815,109.48,190.945
621,28.885,94.01,729.88,51.9799,109.64,190.75
622,28.86,94.115,731.15,52.115,109.66,190.935
623,28.83,94.13,730.78,52.1,109.42,190.38
624,28.731,94.14,730.5,51.95,109.19,190.82
625,28.71,94.17,730.4025,51.9469,108.905,190.93
626,28.721,94.285,730.68,52,109.1843,191.07
627,28.7,94.267,732.399,52.05,109.27,192.75
628,28.615,93.93,729.5201,51.98,108.92,192.92
629,28.75,94.134,731.21,52.095,109.16,193.17
630,28.71,94.07,729.8,52.1,108.97,191.99
631,28.75,94.09,730.96,52.055,109.11,192.96
632,29.07,94.5,731,54.57,109.03,191.29
633,29.1,94.86,731.555,54.26,110.42,191.36
634,29.09,95.24,737.5,54.695,110.9,191.63
635,29.07,95.36,739.36,54.36,110.94,190.78
636,29.145,95.52,742.13,54.28,110.7,190.41
637,29.02,95.56,742.29,54.495,110.62,191.06
638,29.125,95.588,741.93,54.54,110.93,191.43
639,29.14,95.6,738,54.67,110.775,191.29
640,29.18,95.79,737.5,54.78,110.95,192.27
641,29.145,95.9,735.1,54.79,110.81,191.91
642,29.18,95.8451,736.05,54.7099,111.385,192.81
643,29.1,95.61,736.89,54.75,111.78,193.67
644,29.125,95.42,737.334,54.49,111.4301,193.09
645,29.14,95.2423,736.14,54.4699,111.38,193.7941
646,29.12,95.53,735.57,54.53,111.445,194.755
647,29.16,95.56,735.87,54.695,111.56,194.5
648,29.19,95.61,737.1699,54.595,111.4,194.2214
649,29.045,95.6849,736.174,54.375,111.165,193.49
650,29.08,95.5885,738.15,54.315,111.3987,194.46
651,29.12,95.7701,739.3213,54.3501,111.5,194.175
652,29.16,95.68,738.62,54.39,111.46,193.875
653,29.06,95.66,738.535,54.41,111.69,194.43
654,28.7635,95.53,735.14,54.316,111.68,195.02
655,28.79,95.581,736.71,54.4001,111.87,194.26
656,28.7,95.5401,736.94,54.33,111.95,194.16
657,28.78,95.62,739.7899,54.4347,111.781,194.09
658,28.68,95.6045,738.1631,54.37,111.98,194.035
659,28.605,95.5236,738.8,54.38,112,193.6
660,28.63,95.45,739.1,54.34,112.418,193.88
661,28.69,95.63,742.95,54.71,112.769,194.78
662,28.635,95.75,742.65,54.67,112.49,195.2674
663,28.6799,95.8705,743.3,54.605,112.714,195.1025
664,28.62,95.7999,743.14,54.735,112.6,194.32
665,28.59,95.89,744,54.87,112.627,194.78
666,28.68,95.9508,744.6,54.9451,112.62,194.85
667,28.7,96.19,743.39,54.989,112.55,194.92
668,28.73,96.25,743.26,55,112.59,195
669,28.72,95.95,742.75,54.85,112.301,195.48
670,28.78,96.065,743.345,54.93,112.41,194.93
671,28.8,96.0001,742.2775,54.9,112.3001,194.45
672,28.805,95.9575,743.13,54.88,112.39,194.79
673,28.88,96.1862,743.1999,54.9201,112.195,194.88
674,28.84,96.18,742.705,54.8965,112.1756,194.76
675,28.78,96.15,741.55,54.82,112.22,194.865
676,28.73,96.12,741.66,54.895,112.035,194.8099
677,28.75,96.23,740.875,54.85,112.02,194.92
678,28.835,96.42,740.825,54.845,112.1,195.71
679,28.86,96.43,740.28,54.9044,111.99,196.02
680,28.83,96.36,740.46,54.91,111.99,195.6
681,28.865,96.477,740.063,54.905,111.65,195.16
682,28.84,96.6471,740.34,54.9142,111.54,195.39
683,28.91,96.7062,743.51,54.9,111.65,195.43
684,28.945,96.735,742,54.95,111.84,194.68
685,28.915,96.68,740.83,54.93,111.8001,195.39
686,28.95,96.71,740.68,54.895,111.895,195.63
687,28.92,96.6599,739.38,54.82,112.04,195.98
688,28.95,96.7,739.6,54.77,111.985,195.9
689,28.995,96.62,739.21,54.875,112.015,195.895
690,29.085,96.6901,740.68,54.93,112.19,196.24
691,29.15,96.7,740.47,54.8744,112.079,196.21
692,29.191,96.86,740.72,54.8851,112.1556,196.1
693,29.3,96.8601,740.17,54.925,112.16,195.65
694,29.35,96.7654,739.14,54.94,112,196
695,29.35,96.8177,738.56,54.94,111.912,196.16
696,29.3557,96.78,738.906,54.98,111.67,196.59
697,29.26,96.72,737.05,54.98,111.5189,196.44
698,29.22,96.655,736.2,54.965,111.24,196.61
699,29.26,96.673,737.2,54.98,111.4,196.85
700,29.3,96.76,738.34,54.915,111.68,196.92
701,29.34,96.815,739.8,54.91,111.77,196.81
702,29.255,96.771,739.85,54.89,111.592,197.07
703,29.29,96.83,740.69,54.925,111.6301,197.28
704,29.33,96.91,741.14,54.9257,111.655,197.335
705,29.29,96.895,740.87,54.86,111.935,197.8
706,29.285,96.9,741,54.8,111.66,197.82
707,29.325,96.805,740.315,54.8,111.98,199.23
708,29.43,96.98,741.03,55,112.05,199.385
709,29.45,97.17,741.98,55.03,111.98,198.88
710,29.51,97.085,742.95,55.09,112.21,200.14
711,29.305,96.43,750.72,54.8,112.38,199.47
712,29.02,96.15,746.75,54.76,112.8694,199.8304
713,29.09,96.1978,747,54.904,113.91,198.9028
714,29.02,96.135,746.14,54.83,113.85,200
715,28.925,95.97,745.25,54.605,113.9126,201.08
716,28.97,95.95,746.075,54.7489,114.74,201.2
717,29.07,96.045,746.45,54.695,114.446,200.98
718,28.975,95.93,744.2825,54.585,113.98,200.84
719,29.05,95.9801,745.78,54.69,114.1,200.83
720,29.1,96.0121,748.8257,54.845,113.79,201.14
721,28.99,95.9,749.33,54.94,113.4,202.78
722,28.99,95.7224,748,54.855,113.46,202.94
723,28.94,95.555,747,54.88,113.4665,201.86
724,28.9399,95.7,747.42,54.81,113.32,202.87
725,29.015,95.885,749.995,54.89,113.88,204.41
726,29.14,96.18,751.27,55.01,114.2901,204.29
727,29.17,96.14,750.64,54.91,114.4,204.405
728,29.15,96.21,749.9,54.97,114.48,203.62
729,29.24,96.38,750.41,54.96,114.63,203.79
730,29.27,96.3,750.23,54.88,114.64,204.22
731,29.28,96.24,749.3501,54.915,114.69,202.83
732,29.39,96.37,750.03,54.92,114.93,203.16
733,29.21,96.2,748.98,54.82,114.91,203.21
734,29.2,96.065,749.5022,54.795,114.91,202.74
735,29.3,96.12,749.9,54.91,114.88,202.77
736,29.24,96.24,750.28,54.9249,114.88,202.7
737,29.23,96.6699,750.2,55,115.09,202.795
738,29.2,96.52,750.25,54.91,114.96,202.01
739,29.17,96.44,750.8,54.9611,114.81,201.68
740,29.15,96.285,750,54.885,114.8,201.67
741,29.11,96.4201,750.45,54.77,114.76,201.42
742,29.06,96.431,750.3,54.75,114.77,200.9075
743,29.09,96.35,750.47,54.67,114.83,200.88
744,29.1235,96.45,751,54.68,114.96,200.8
745,29.14,96.3843,751.5,54.65,114.98,201.1401
746,29.12,96.16,751.08,54.63,114.8,201.3252
747,29.13,96.1375,750.98,54.63,114.74,200.09
748,29.18,96.065,751.1,54.705,114.67,200.58
749,29.18,96.03,751.36,54.65,114.69,200.8
750,29.2,96.0546,751.195,54.71,114.805,200.7
751,29.191,95.92,751.01,54.76,114.96,201.24
752,29.105,95.895,749.96,54.65,114.915,201.2
753,29.07,95.92,750.92,54.697,114.93,201.7645
754,29.06,96,751.17,54.82,115.155,202.51
755,29.01,95.79,750.865,54.68,114.98,201.25
756,28.98,95.9,751.35,54.7301,114.91,202.085
757,29.02,95.97,752.37,54.705,114.95,201.64
758,29.04,96.04,754.33,54.76,115.11,202.59
759,29.1592,96.22,755.645,54.72,115.46,201.97
760,29.15,96.085,755.91,54.73,115.4,202.13
761,29.14,96.039,757.26,54.72,115.47,202.4275
762,29.11,96.07,755.0101,54.63,115.32,202.13
763,29.19,96.2307,756.126,54.705,115.46,202
764,29.13,96.105,753.56,54.63,115.3278,202.55
765,29.19,96.22,755,54.73,115.375,203.005
766,29.21,96.285,753.53,54.62,115.29,203.45
767,29.25,96.129,752.05,54.52,115.04,203.71
768,29.29,96.15,749.74,54.51,115.08,204.52
769,29.34,96.215,749.71,54.56,115.04,204.45
770,29.35,96.2699,748.95,54.57,115.06,204.1
771,29.43,96.3965,748.05,54.59,115.16,204
772,29.47,96.34,750.14,54.63,115.3,204.69
773,29.49,96.37,750.7499,54.66,115.33,204.67
774,29.6,96.51,753.08,54.7701,115.6001,204.36
775,29.55,96.38,750.04,54.775,115.18,204.25
776,29.53,96.4699,749.35,54.795,114.98,205.09
777,29.69,96.44,750.51,54.8399,115.24,205.47
778,29.667,96.3901,750.475,54.77,115.01,205.66
779,29.675,96.441,750.99,54.695,115.04,205.4
780,29.64,96.35,751.3,54.74,114.9252,205.3
781,29.7,96.4842,753.745,54.88,115.18,206.02
782,29.75,96.69,754.5,54.96,115.125,206.05
783,29.75,96.6,752.5,54.9978,115.1,206.03
784,29.71,96.61,751.42,54.99,115.19,205.7
785,29.635,96.51,749.255,54.87,115.0976,208
786,29.67,96.67,750.72,54.895,115.19,206.78
787,29.69,96.5299,751.86,54.795,115.03,206.23
788,29.63,96.44,749.7,54.73,114.96,205.415
789,29.57,96.43,752,54.71,115.03,204.15
790,29.3,95.41,783.91,54.18,114.76,205.94
791,29.3099,96,776.82,53.96,114.2,205.8747
792,29.16,95.57,772.435,53.871,114.2704,206.27
793,29.15,95.5454,779.07,53.78,114.31,206.26
794,29.03,95.08,778.95,53.7,114.67,206.1275
795,28.93,95.17,779.33,53.75,114.92,206.13
796,28.98,95.232,783.67,53.77,115.19,206.36
797,29.045,95.48,785.98,53.793,115.17,206.94
798,29.03,95.6,783.49,53.77,115.06,207.1699
799,28.98,95.33,781.79,53.76,114.88,206.5
800,28.865,95.21,782.76,53.8,115.53,206.12
801,28.81,95.35,783.02,53.76,115.7,205.89
802,28.78,95.46,783.77,53.66,115.66,206.455
803,28.765,95.5095,784.15,53.54,115.875,205.855
804,28.89,95.51,785.23,53.615,115.92,205.96
805,28.83,95.52,786.6229,53.625,115.83,206.275
806,28.81,95.561,786.046,53.57,115.92,206.03
807,28.76,95.36,785.5542,53.57,115.87,205.75
808,28.75,95.47,785.5,53.635,116.05,205.93
809,28.74,95.36,785.2831,53.63,115.98,205.8
810,28.81,95.7,786.385,53.65,116.35,206.15
811,28.93,95.86,787.89,53.77,116.8,205.27
812,28.82,95.67,786.7453,53.86,116.649,204.61
813,28.82,95.725,786.6525,53.92,116.95,204.7397
814,28.79,95.679,786.61,53.94,117.27,204.54
815,28.79,95.77,787.94,53.93,117.34,204.35
816,28.83,95.83,789.39,53.9399,117.15,204.13
817,28.775,95.665,788.69,53.875,116.97,203.405
818,28.65,95.445,787.43,53.85,116.92,203.78
819,28.64,95.5249,788.9887,53.81,117.35,203.85
820,28.56,95.3384,786.1075,53.73,116.86,203.37
821,28.51,95.251,782.88,53.635,116.547,203.2055
822,28.54,95.3084,782.15,53.5468,116.71,203.91
823,28.49,95.22,779.3001,53.52,116.5364,203.6
824,28.445,95.19,779.4,53.495,116.71,204.07
825,28.49,95.2764,779,53.575,116.5897,203.37
826,28.535,95.26,777.2,53.545,116.55,202.68
827,28.54,95.2,775.795,53.52,116.45,202.48
828,28.61,95.39,777.39,53.63,116.93,202.3
829,28.57,95.32,776.96,53.63,116.74,202.5
830,28.6,95.34,778.41,53.645,116.8491,202.135
831,28.58,95.2625,778.02,53.66,116.5299,201.2
832,28.56,95.32,777.72,53.65,116.44,202.27
833,28.51,95.33,776.4635,53.565,116.04,201.65
834,28.44,95.22,774.725,53.57,115.74,201.5
835,28.455,95.24,778.3125,53.525,115.88,201.48
836,28.43,95.22,776.865,53.505,115.5,200.25
837,28.46,95.2,773.52,53.385,114.82,200.21
838,28.55,95.2999,774.78,53.495,115.47,199.94
839,28.49,95.25,771.3,53.48,114.78,200.34
840,28.48,95.14,771.01,53.365,114.47,200.82
841,28.47,95.249,771.21,53.405,114.47,200.56
842,28.48,95.09,772.1,53.365,114.1601,200.73
843,28.41,95.01,772.89,53.305,114.348,200.15
844,28.415,94.92,772.27,53.2,114.15,200.22
845,28.43,95.02,773.86,53.195,114.164,200.62
846,28.39,94.8505,772.11,53.185,114.05,201.025
847,28.39,94.9055,770.5375,53.225,114,200.73
848,28.405,94.8472,770.96,53.195,113.786,201.19
849,28.346,94.72,768.2601,53.0735,113.5,200.68
850,28.295,94.62,767.806,52.975,113.3702,200.48
851,28.37,94.78,769.92,52.995,114.12,201.3
852,28.38,94.8,770.32,53.01,114.59,201.0346
853,28.3301,94.536,771.145,52.99,114.57,201.88
854,28.31,94.6,770.53,53.0032,114.61,202.51
855,28.235,94.41,768.27,52.86,114.0444,202.08
856,28.155,94.29,766,52.7299,113.8302,202.95
857,28.15,94.46,768.14,52.7,113.94,202.6
858,28.2,94.32,767,52.655,113.75,202.71
859,28.21,94.43,769.95,52.76,114.14,203.33
860,29.29,94.58,769.8,52.785,114.46,203.06
861,29.52,94.545,768.75,52.75,114.272,203.35
862,29.31,94.61,770.42,52.78,114.5,203.48
863,29.189,94.72,770.2673,52.965,114.54,202.09
864,29.16,94.7399,770.47,52.92,114.6099,200.41
865,29.28,94.74,769.61,52.92,114.6311,199.17
866,29.21,94.69,767.65,52.98,114.76,197.18
867,29.17,94.51,767,53.02,114.63,197.01
868,29.078,94.48,764.65,53,114.61,195.28
869,28.46,94.94,768.84,53.3,115.33,194.77
870,28.345,95.15,773.852,53.275,114.43,192.94
871,28.35,94.95,772.21,53.2875,114.04,191.975
872,28.345,95.42,765.39,53.37,113.51,192.28
873,28.36,95.47,766.49,53.355,113.5637,192.79
874,27.761,95.35,765.05,53.2699,113.43,191.62
875,27.59,95.12,762.9307,53.16,113.02,189.32
876,27.26,94.922,754.6,52.882,112.393,188.77
877,27.09,94.8439,752.1081,52.7899,112.06,188.2999
878,26.6499,94.67,748.75,52.64,111.144,190.54
879,26.99,94.88,753.33,52.59,111.71,191.022
880,26.93,94.8,751.78,52.5,111.66,191.2
881,26.725,94.24,748.43,52.23,111.07,189.455
882,26.76,94.25,745.5,52.24,110.876,188.01
883,26.83,94.4,742.95,52.24,111.15,189.04
884,26.91,94.58,747.92,52.13,111.47,189.15
885,27.055,94.335,747.086,52.19,111.47,189.71
886,27.14,94.25,748.42,52.32,111.78,190.9199
887,27.21,94.51,748.66,52.435,112.125,189.74
888,26.86,94.44,743.82,52.19,111.326,190.26
889,26.82,94.4,740.165,52.03,111.24,190.99
890,26.89,94.47,739.52,52.07,111.72,190.23
891,26.995,94.72,743.745,52.105,111.9204,188.915
892,26.99,94.57,739.91,52.04,111.77,188.98
893,27.04,94.57,742.8,52.2,112.143,189.96
894,26.96,94.42,737.29,51.98,111.5,189.62
895,27.171,94.84,740.1685,52.1175,112.07,188.69
896,27.3,95.08,744.9216,52.21,112.48,189.04
897,27.3,94.9098,743.765,52.01,112.56,189.67
898,27.25,94.73,739.71,51.78,112.14,189.65
899,27.38,94.71,741.36,51.9469,112.31,187.84
900,27.32,94.84,741.45,52.04,112.52,188.025
901,27.27,94.74,740.07,51.95,112.295,188.28
902,27.23,94.46,737.14,51.8441,111.8199,188.96
903,27.285,94.5,736.78,51.79,111.7349,189.2231
904,27.165,94.72,737.623,51.87,111.73,189.76
905,27.08,94.6399,737.89,51.85,111.6,189.85
906,26.93,94.36,733.652,51.48,111.0447,190
907,27,94.4899,735.94,51.5175,111.174,189.97
908,27.03,94.39,735.43,51.39,111.03,188.77
909,27.105,94.554,735.7458,51.492,111.195,188.93
910,27.19,94.66,735.19,51.58,111.31,189.05
911,27.215,94.76,737.965,51.6,111.5,188.2
912,27.27,94.816,737.32,51.641,111.39,187.0501
913,27.22,94.72,734.2732,51.57,111.01,186.21
914,27.28,94.71,733.95,51.63,110.97,186.4
915,27.08,94.74,732.48,51.565,110.82,186.35
916,27,94.776,733.426,51.5,111,185.18
917,27.11,94.78,732.78,51.48,111.0866,186.665
918,27.03,94.616,730,51.345,110.69,187.87
919,27.035,94.441,728.471,51.26,110.7,188.287
920,27.25,94.57,728.905,51.41,110.7401,187.3583
921,27.26,94.62,727.546,51.41,110.614,190
922,27.18,94.61,725.802,51.4,110.537,190.83
923,27.04,94.435,720.9999,51.28,109.91,190.35
924,27.28,94.62,725,51.4101,110.185,191.0912
925,27.23,94.77,728.245,51.44,110.38,193.17
926,27.35,95.08,729.33,51.615,111.11,192.495
927,27.205,94.97,724.71,51.545,110.608,190.47
928,27.45,95.62,733.1,51.99,111.7898,191.12
929,27.63,95.84,736.77,52.105,112.2599,191.19
930,27.5992,95.84,732.67,52.11,112.08,191.855
931,27.59,95.82,735.31,51.985,112.239,192.57
932,27.67,96.088,737.9,52.155,112.74,192.01
933,27.665,96.1,738.08,52.31,112.8007,192.16
934,27.6,96.1439,737.41,52.195,112.81,192.07
935,27.78,96.54,738.2415,52.275,113.0221,191.51
936,27.74,96.5,735.24,52.26,113.03,191.16
937,27.775,96.58,735.795,52.47,113.12,191.34
938,27.79,96.78,737.42,52.4,113.22,191.42
939,27.755,96.71,735.43,52.305,112.94,191.69
940,27.66,96.64,734.26,52.25,112.9,191.21
941,27.56,96.3,731.778,52.125,112.49,191.65
942,27.64,96.4,732,52.205,112.6301,189.07
943,27.52,96.27,728.41,52.025,112.2201,186.51
944,27.49,96.48,728.35,52.11,112.51,187.8
945,27.5,96.4925,727.95,52.13,112.64,189.47
946,27.62,96.455,730.2,52.13,112.953,189.07
947,27.69,96.35,726.95,52.16,112.69,189.28
948,27.97,95.78,723,52.005,111.89,188.6
949,28.035,95.785,715.005,51.87,110.4,190.0101
950,27.92,95.54,710.666,51.66,110.11,192.33
951,27.85,95.34,709.87,51.55,109.61,192.605
952,27.85,95.4,710.99,51.815,109.93,193.54
953,28,95.61,713.52,51.72,110.54,196.46
954,28.07,95.91,713.58,51.65,110.28,195.77
955,28.02,95.755,708.94,51.47,109.91,195.18
956,28.19,96.35,711.55,51.86,110.3896,194.7301
957,28.26,96.749,715.26,51.985,110.75,194.8628
958,28.44,97.11,718.7876,52.18,111.26,194.438
959,28.52,97.0999,718.02,52.2151,111.02,194.0125
960,28.64,97.055,724.775,52.4069,111.47,193.2114
961,28.78,97.225,725.89,52.56,111.65,193.49
962,28.77,97.1636,719.84,52.59,111.03,192.42
963,28.81,97.11,717.07,52.65,110.82,190.7
964,28.73,97.16,717.97,52.7,111,191.79
965,28.69,97.25,716.21,52.675,111.195,192.625
966,28.73,97.15,718.87,52.49,111.622,192.53
967,28.59,96.8943,714.62,52.26,110.8789,192.905
968,28.495,96.76,714,52.165,110.93,192.8
969,28.435,96.6515,712.07,52.0462,110.85,192.22
970,28.35,96.15,708.04,51.81,110.3801,192.58
971,28.5,96.271,712.48,51.881,110.85,192.12
972,28.4925,96.05,712.695,51.87,110.63,193.01
973,28.65,96.09,714,51.8259,110.751,192.8
974,28.5,96.2362,718.2978,51.91,111.16,192.36
975,28.43,95.9479,716.02,51.83,110.8,192.5888
976,28.34,95.71,714.11,51.53,110.35,192.23
977,28.57,95.7621,712.9475,51.6551,110.5,192.215
978,28.44,95.63,711.65,51.54,110.2,191.41
979,28.61,95.93,713.495,51.73,110.433,192.56
980,28.64,96.26,714.5121,51.81,110.7099,192.1
981,28.55,96.34,712.62,51.93,110.58,192.75
982,28.67,96.3,712.08,51.89,110.61,191.75
983,28.72,96.15,711.64,51.82,110.6379,192.65
984,28.89,96.08,710.54,51.74,110.64,193.02
985,28.77,95.99,709.55,51.68,110.43,194.11
986,28.93,96.45,710.555,51.89,110.77,193.5
987,28.84,96.582,710.7482,51.915,110.75,192.57
988,28.94,96.56,710.226,51.87,110.622,193.12
989,29.06,96.41,709.0765,51.82,110.4977,194.03
990,28.93,96.35,708.855,51.795,110.44,193.53
991,29.05,96.295,710.76,51.92,110.49,193.24
992,29.07,96.36,712.4,51.99,110.68,192.6794
993,29.07,96.46,712.51,51.9899,110.7,191.78
994,28.97,96.31,712.4912,51.9501,110.67,192.095
995,29.04,96.32,712.6,51.926,110.62,190.42
996,29.13,96.2801,712.21,51.94,110.7201,189.59
997,29.155,96.385,711.355,51.96,110.7,190
998,29.21,96.36,711.17,51.91,110.64,189.8
999,29.19,96.2,709.7,51.88,110.44,189.96
1000,28.99,95.95,706.0359,51.7,109.87,188.66
1001,29.085,96.069,706.505,51.69,109.85,188.445
1002,29.14,96.135,707.23,51.675,110.05,188
1003,28.98,95.92,706.38,51.555,109.78,187.795
1004,28.925,95.84,705.89,51.525,109.69,187.7119
1005,29.0492,96.0801,706.0803,51.6849,109.96,187.97
1006,29.07,96.08,707.16,51.73,109.98,187.6
1007,29.03,96.08,706.53,51.635,110.085,188.45
1008,28.965,95.909,704.76,51.505,109.89,188.1
1009,29.045,96.07,705.24,51.6,109.88,188.41
1010,28.835,95.77,702.425,51.4462,109.29,189.316
1011,28.84,95.98,702.49,51.605,109.52,188.78
1012,28.925,96.0701,704.71,51.6325,109.5699,188.6901
1013,28.81,95.87,703.33,51.53,109.277,188.87
1014,29.01,96.35,704.565,51.845,109.68,188.82
1015,28.94,96.02,702.75,51.645,109.489,190.66
1016,28.8775,96,703,51.6799,109.49,191.51
1017,28.97,96.26,706.5,51.93,109.77,192.68
1018,28.905,96.15,706.14,51.875,109.799,192.96
1019,28.97,96.25,708.3236,51.895,110.08,191.2
1020,28.92,96.18,706.26,51.82,109.9688,125.52
1021,28.985,96.09,706.29,51.78,110.01,127.7
1022,29.11,96.3801,707.695,51.9,110.3,125
1023,29.17,96.59,710.22,51.99,110.67,119.62
1024,29.165,96.61,708.56,51.94,110.542,116.6601
1025,29.13,96.58,708.56,51.96,110.61,112.13
1026,29.15,96.6,708.01,52,110.49,115.36
1027,29.13,96.51,703.9,51.96,109.34,116.415
1028,28.847,96.41,702.59,51.6,108.888,115.16
1029,28.54,96.2,701.53,51.62,108.9,117.969
1030,28.47,96.4,696.84,51.55,108.066,118
1031,28.36,95.89,690.7,51.53,107.11,117.1746
1032,28.42,96.06,693.1,51.51,107.74,118.44
1033,28.44,96.07,696.2,51.48,107.54,118.845
1034,28.6,96.22,699.15,51.5,108.155,118.37
1035,28.47,95.805,694.23,51.52,107.56,119.075
1036,28.39,95.745,695.24,51.67,107.47,117.26
1037,28.4,95.65,694.77,51.57,107.24,116.86
1038,28.35,95.255,691.78,51.48,106.9699,115.97
1039,28.3,95.16,689.13,51.3,106.56,115.3675
1040,28.356,95.488,689.8,51.34,106.7351,114.85
1041,28.33,95.54,690.72,51.3,106.83,115.94
1042,28.54,95.58,691.84,51.255,107.388,115.55
1043,28.44,95.44,692.37,51.14,106.986,114.02
1044,28.385,95.17,691.75,50.9586,106.26,114.508
1045,28.335,95.13,691.21,50.92,106.17,114.6
1046,28.24,94.97,689.65,50.91,106.07,114.14
1047,28.215,95.05,689.19,50.92,105.8,112.4199
1048,28.255,95.13,688.65,50.805,105.836,113.453
1049,28.195,95.2377,686.01,50.6799,105.4598,112.8874
1050,28.07,95.2635,682.61,50.475,104.94,112.865
1051,28.14,95.21,684.43,50.58,104.9762,114.49
1052,28.2,95.26,685.96,50.72,104.9589,114.02
1053,28.22,95.17,686.925,50.565,104.6,114.397
1054,28.15,95.01,684.57,50.5581,104.308,114.405
1055,28.225,95.149,685.21,50.6,104.38,114.3
1056,28.198,95.32,686.998,50.78,104.325,113.32
1057,28.18,95.18,688.7,50.81,104.28,113.22
1058,28.21,95.05,689.385,50.75,104.9,113.51
1059,28.195,95.22,687.38,50.771,104.71,112.99
1060,28.12,95.21,684.34,50.67,104.18,111.96
1061,28.15,95.259,688.32,50.745,104.51,111.85
1062,28.14,95.33,688.6,50.741,104.495,112.44
1063,28.16,95.3401,688,50.71,103.94,112.5
1064,28.175,95.34,688.55,50.7,104.26,111.89
1065,28.25,95.55,690.04,50.78,104.506,111.07
1066,28.26,95.37,690.5403,50.745,104.71,110.93
1067,28.27,95.31,690.39,50.7,104.435,110.08
1068,28.185,95.051,689.71,50.535,104.1,110.44
1069,28.15,95.1248,688.15,50.5537,104.37,110.256
1070,28.095,95.06,686.8171,50.5,103.91,110.432
1071,28.08,95.23,688.08,50.48,104.05,110.48
1072,28.009,95.02,686.56,50.35,103.94,110.525
1073,28.01,95.06,687.797,50.395,103.96,110.9799
1074,28.04,95.2,688.905,50.485,103.85,110.79
1075,28.05,95.195,689.36,50.43,104.09,110.815
1076,28.06,95.14,690.184,50.39,104.43,109.9001
1077,28,94.9684,687.52,50.29,104,107.2
1078,27.97,94.875,687.79,50.17,104.1999,107.48
1079,27.92,94.86,685.94,50.05,103.71,106.2199
1080,27.92,94.77,685,50.16,104.12,103.88
1081,27.93,94.71,685.55,50.065,103.91,104.98
1082,27.94,94.8447,685.38,50.175,103.89,106.18
1083,27.91,94.8,685.5,50.115,103.75,106
1084,27.811,94.58,682.8,49.931,103.5302,107.105
1085,27.81,94.6,683.03,49.88,103.48,105.15
1086,27.9,94.54,685.0101,49.91,103.734,106.14
1087,27.79,94.1501,683.72,49.72,103.425,105.096
1088,27.84,94.2873,686.83,49.84,103.85,104.49
1089,27.885,94.335,688.24,49.875,104.2,106.8995
1090,27.87,94.29,686.66,49.775,103.86,107.9
1091,27.905,94.289,688.1,49.87,104.275,108.4101
1092,27.885,94.089,685.85,49.745,104.43,107.51
1093,27.8955,94.21,685.97,49.735,104.366,108.8
1094,27.83,94.04,685.21,49.63,103.8999,108.39
1095,27.82,94.1,684.9125,49.64,104.03,108.216
1096,27.87,94.25,685.68,49.76,103.98,109.825
1097,27.95,94.44,688.8,49.99,104.482,109.84
1098,27.93,94.63,687.86,50.185,104.332,108.39
1099,27.92,94.47,687.59,50.16,104.28,110.165
1100,27.865,94.2601,687.06,50.06,104.3601,111.17
1101,27.85,94.05,683.06,49.96,103.91,113.4375
1102,27.9206,94,683.26,49.98,104.07,113.89
1103,27.94,93.99,683.01,49.99,103.94,112.7601
1104,27.92,93.71,680.5,49.98,103.576,114.02
1105,27.97,94.02,683.57,50.16,104.07,115.14
1106,27.6,93.2,667.845,49.56,100.21,112.4899
1107,27.43,93.94,671.52,48.935,99.68,111.73
1108,27.39,94.2,667.69,48.51,99.4835,110.94
1109,27.58,94.15,674.79,48.765,100.75,111.49
1110,27.54,93.78,673.74,48.73,100.34,110.3644
1111,27.28,93.9923,673.105,48.5075,101.29,111.26
1112,27.21,94.535,677.358,48.61,101.13,111.4
1113,27.32,94.65,681.46,48.765,102.37,110.89
1114,27.14,94.1299,676.51,48.565,101.07,111.43
1115,27.37,93.95,679.07,48.58,101.355,111.59
1116,27.42,93.66,673.554,48.6,100.8,110.91
1117,27.255,93.7101,675.355,48.5875,100.52,110.325
1118,27.09,93.6,670.8,48.64,99.74,109.35
1119,27.19,94.095,676.75,48.99,100.46,108.6
1120,27.24,94.36,677.2,49.04,100.71,109.122
1121,27.1075,94.29,674.55,49.06,100.57,109.16
1122,26.99,94.21,674.5575,48.9,100.28,108.95
1123,26.899,94.07,675.36,49.035,100.3653,109.02
1124,26.865,94.03,673.31,48.83,100.07,109.3501
1125,26.84,94.015,670.95,48.7,99.59,109.71
1126,26.81,93.76,670.3063,48.58,99.398,109.78
1127,26.77,93.6,669.13,48.56,99.05,109.85
1128,26.76,93.78,670,48.696,99.1795,111.08
1129,26.71,94.07,670.368,48.78,99.61,110.7
1130,26.7,94.18,669,48.84,98.98,110.72
1131,26.59,94.12,667,48.8754,98.91,110.75
1132,26.57,93.94,666.12,48.84,98.88,110.87
1133,26.59,94.16,665.831,48.8,99.34,110.92
1134,26.655,94.1254,666.875,48.8,99.72,110.779
1135,26.68,94.172,667.41,48.77,99.9143,110.745
1136,26.775,94.48,671.1099,48.99,100.23,110.08
1137,26.74,94.49,670.28,48.91,100.1199,109.85
1138,26.73,94.54,671.83,48.85,100.23,109.97
1139,26.77,94.34,673.4999,48.87,100.29,109.82
1140,26.746,94.415,676.3399,48.965,100.37,109.3625
1141,26.795,94.72,676.39,49.11,100.43,109.58
1142,26.835,94.518,677.2008,49.03,100.39,109.53
1143,26.81,94.435,675.34,49.1,100.57,
1144,26.73,94.23,673.38,49.06,100.0114,
1145,26.704,94.37,674.29,49.2,100.02,
1146,26.6899,94.38,673.46,49.23,100.03,
1147,26.68,94.215,671.55,49.1957,99.82,
1148,26.7,94.18,671.02,49.15,99.8,
1149,26.65,94.13,667.36,49.025,99.3,
1150,26.675,94.11,668.58,48.95,99.398,
1151,,,,,,
