1/28/2015,49.799999,50.32,46.299999,46.459999,84839700,46.459999
1/27/2015,49.139999,49.279999,47.66,47.990002,45777200,47.990002
1/26/2015,49.57,49.790001,49.07,49.439999,18976400,49.439999
1/23/2015,48.740002,49.23,48.630001,48.950001,14294300,48.950001
1/22/2015,48.43,49.080002,48.009998,48.889999,12647400,48.889999
1/21/2015,47.599998,48.380001,47.32,48.18,16305100,48.18
1/20/2015,46.790001,47.889999,46.77,47.630001,15845900,47.630001
1/16/2015,46.060001,46.59,45.849998,46.470001,14681800,46.470001
1/15/2015,47.540001,47.75,46.200001,46.23,17126000,46.23
1/14/2015,47.700001,48.09,47.07,47.509998,15911600,47.509998
1/13/2015,49.150002,49.48,47.400002,48.299999,21605200,48.299999
1/12/2015,49.919998,49.93,48.560001,48.799999,10170700,48.799999
1/9/2015,50.279999,50.41,49.619999,49.720001,7462800,49.720001
1/8/2015,48.990002,50.23,48.720001,50.23,14704800,50.23
1/7/2015,49.619999,49.639999,48.509998,48.59,11788000,48.59
1/6/2015,49.200001,49.880001,48.330002,49.209999,16204300,49.209999
1/5/2015,49.709999,49.880001,48.91,49.130001,14389300,49.130001
1/2/2015,50.66,50.779999,49.470001,50.169998,11924500,50.169998
12/31/2014,51.540001,51.68,50.459999,50.509998,9305000,50.509998
12/30/2014,50.349998,51.27,50.349998,51.220001,10703500,51.220001
12/29/2014,50.669998,51.009998,50.509998,50.529999,6624500,50.529999
12/26/2014,50.650002,51.060001,50.610001,50.860001,5169700,50.860001
12/24/2014,50.189999,50.919998,50.189999,50.650002,5961900,50.650002
12/23/2014,51.459999,51.459999,49.93,50.02,15514000,50.02
12/22/2014,50.990002,51.599998,50.950001,51.150002,24021100,51.150002
12/19/2014,51.060001,51.470001,50.830002,50.880001,24110200,50.880001
12/18/2014,50.93,51.150002,50.439999,50.91,15338900,50.91
12/17/2014,49.02,50.25,48.900002,50.119999,17112300,50.119999
12/16/2014,49.5,50.080002,48.810001,48.849998,21399300,48.849998
12/15/2014,50.419998,50.919998,49.5,49.82,18132500,49.82
12/12/2014,49.540001,51.169998,49.48,50.240002,20370500,50.240002
12/11/2014,49.540001,50.580002,49.43,49.939999,21100200,49.939999
12/10/2014,50.330002,50.689999,49.189999,49.209999,16184100,49.209999
12/9/2014,48.75,50.529999,48.290001,50.509998,19655600,50.509998
12/8/2014,50.52,50.900002,49.220001,49.619999,18190100,49.619999
12/5/2014,51.029999,51.25,50.509998,50.990002,15418100,50.990002
12/4/2014,50.189999,50.669998,49.900002,50.41,12136700,50.41
12/3/2014,50.709999,50.970001,50.200001,50.279999,14236000,50.279999
12/2/2014,50.27,51.119999,50.009998,50.669998,16099900,50.669998
12/1/2014,51.43,51.43,49.66,50.099998,23146900,50.099998
11/28/2014,51.869999,52,51.639999,51.740002,8913700,51.740002
11/26/2014,51.560001,52.259998,51.52,51.93,13428500,51.93
11/25/2014,51.98,52.189999,51.599998,51.720001,14219600,51.720001
11/24/2014,51.25,51.830002,51.07,51.830002,14643500,51.830002
11/21/2014,51.990002,52.25,50.990002,51.040001,22225300,51.040001
11/20/2014,50.599998,52.23,50.27,51.25,28916000,51.25
11/19/2014,51.240002,51.369999,50,50.580002,29260000,50.580002
11/18/2014,52.279999,52.619999,51.34,51.75,26847300,51.75
11/17/2014,51.830002,52.419998,50.939999,52.369999,38392800,52.369999
11/14/2014,50.52,51.950001,50.470001,51.75,28824700,51.75
11/13/2014,50.959999,51.169998,49.950001,50.5,35513400,50.5
11/12/2014,49.330002,50.630001,49.220001,50.599998,30564700,50.599998
11/11/2014,48.57,49.18,48.099998,49.049999,31586300,49.049999
11/10/2014,48.799999,49.630001,48.790001,49.41,24730300,49.41
11/7/2014,47.900002,48.669998,47.860001,48.549999,24166700,48.549999
11/6/2014,47.369999,47.98,46.599998,47.93,22636000,47.93
11/5/2014,47.619999,48.279999,47.32,47.459999,33021500,47.459999
11/4/2014,45.990002,47.130001,45.740002,47.080002,25051500,47.080002
11/3/2014,46.049999,46.720001,45.939999,46.34,17181500,46.34
10/31/2014,46.16,46.52,45.669998,46.049999,18446800,46.049999
10/30/2014,45.209999,45.84,45.130001,45.630001,16205500,45.630001
10/29/2014,45.939999,45.98,45.130001,45.43,25389100,45.43
10/28/2014,45.009998,46.150002,44.880001,45.869999,36834900,45.869999
10/27/2014,43.310001,44.82,43.290001,44.700001,36596500,44.700001
10/24/2014,42.529999,43.650002,42.400002,43.5,33805800,43.5
10/23/2014,42.400002,42.830002,42.259998,42.599998,30653400,42.599998
10/22/2014,42.419998,42.880001,41.77,42,69348900,42
10/21/2014,39.650002,40.48,39.459999,40.18,41955200,40.18
10/20/2014,38.470001,39.400002,38.25,39.279999,17802400,39.279999
10/17/2014,38.740002,38.98,38.310001,38.450001,24107000,38.450001
10/16/2014,36.950001,38.5,36.919998,38.119999,26998500,38.119999
10/15/2014,37.27,38.080002,36.200001,37.82,41973500,37.82
10/14/2014,38.66,39,37.709999,37.970001,38509000,37.970001
10/13/2014,39.52,40.07,38.290001,38.380001,38841900,38.380001
10/10/2014,40.73,41.07,39.59,39.599998,36771500,39.599998
10/9/2014,40.900002,41.25,40.419998,41.099998,33519600,41.099998
10/8/2014,41,41.290001,40.099998,41.080002,26593500,41.080002
10/7/2014,41.060001,41.290001,40.779999,40.93,22538300,40.93
10/6/2014,41.200001,41.73,41.040001,41.52,23576100,41.52
10/3/2014,40.790001,41.689999,40.650002,41.029999,38191700,41.029999
10/2/2014,40.240002,40.639999,39.689999,40.5,24584400,40.5
10/1/2014,40.66,41.240002,40.110001,40.32,35172900,40.32
9/30/2014,40.580002,41.23,40.439999,40.75,30386500,40.75
9/29/2014,40.41,41.09,40.16,40.52,35883300,40.52
9/26/2014,39.009998,40.799999,39,40.66,62189200,40.66
9/25/2014,39.560001,39.799999,38.82,38.950001,35916500,38.950001
9/24/2014,39.259998,40.099998,38.91,39.880001,49014100,39.880001
9/23/2014,38.150002,39.27,37.900002,39.049999,66105300,39.049999
9/22/2014,39.77,40.040001,38.220001,38.650002,109217100,38.650002
9/19/2014,42.439999,43.189999,39.549999,40.93,233872100,40.93
9/18/2014,43.049999,43.32,41.419998,42.09,93702100,42.09
9/17/2014,42.369999,42.959999,42.299999,42.59,39495500,42.59
9/16/2014,42.610001,42.959999,41.689999,42.709999,61490700,42.709999
9/15/2014,43.98,44.009998,42.139999,42.549999,72409900,42.549999
9/12/2014,41.73,43.200001,41.5,42.880001,69745500,42.880001
9/11/2014,41.02,41.560001,40.93,41.259998,25203000,41.259998
9/10/2014,41.049999,41.23,40.330002,41.139999,30741800,41.139999
9/9/2014,42.009998,42.060001,40.599998,40.779999,52683000,40.779999
9/8/2014,40.34,41.82,40.259998,41.810001,75520200,41.810001
9/5/2014,39.049999,39.799999,39.049999,39.59,26200400,39.59
9/4/2014,39.139999,39.34,38.959999,39.189999,14763300,39.189999
9/3/2014,39.490002,39.599998,38.689999,38.869999,16092900,38.869999
9/2/2014,38.900002,39.299999,38.790001,39.27,19803300,39.27
8/29/2014,38.57,38.669998,38.200001,38.509998,11634100,38.509998
8/28/2014,38.09,38.57,37.900002,38.310001,16490600,38.310001
8/27/2014,38.299999,38.720001,37.830002,38.18,24843000,38.18
8/26/2014,37.759998,37.919998,37.560001,37.790001,9516800,37.790001
8/25/2014,38.139999,38.220001,37.540001,37.709999,14356400,37.709999
8/22/2014,37.700001,38.200001,37.639999,38.009998,14879100,38.009998
8/21/2014,37.650002,37.75,37.310001,37.639999,12254900,37.639999
8/20/2014,37.610001,37.75,37.310001,37.5,12670300,37.5
8/19/2014,37.560001,37.939999,37.5,37.830002,17084900,37.830002
8/18/2014,36.77,37.77,36.75,37.380001,20153200,37.380001
8/15/2014,36.200001,36.57,36.119999,36.470001,13338900,36.470001
8/14/2014,36.32,36.419998,36.169998,36.360001,8927300,36.360001
8/13/2014,35.959999,36.450001,35.77,36.189999,16532300,36.189999
8/12/2014,35.799999,35.990002,35.150002,35.52,12902700,35.52
8/11/2014,36.099998,36.150002,35.75,35.790001,8660100,35.790001
8/8/2014,35.73,35.959999,35.400002,35.91,10593700,35.91
8/7/2014,36,36,35.529999,35.66,11306600,35.66
8/6/2014,35.580002,35.939999,35.439999,35.790001,11770500,35.790001
8/5/2014,36.32,36.419998,35.619999,35.700001,17636400,35.700001
8/4/2014,35.709999,36.66,35.650002,36.529999,13097200,36.529999
8/1/2014,35.689999,36.080002,35.310001,35.619999,14573000,35.619999
7/31/2014,36.259998,36.490002,35.68,35.810001,17937400,35.810001
7/30/2014,35.939999,36.990002,35.799999,36.599998,29876700,36.599998
7/29/2014,35.91,36.16,35.669998,35.68,11570900,35.68
7/28/2014,36.23,36.23,35.509998,35.900002,14607200,35.900002
7/25/2014,36,36.330002,35.75,36.119999,20143800,36.119999
7/24/2014,35.09,36.549999,35.040001,36.169998,47391000,36.169998
7/23/2014,33.779999,34.919998,33.68,34.709999,38622500,34.709999
7/22/2014,33.48,33.84,33.400002,33.599998,18153600,33.599998
7/21/2014,33.349998,33.639999,33.16,33.279999,18431000,33.279999
7/18/2014,33.18,33.349998,32.93,33.330002,21540900,33.330002
7/17/2014,33.82,33.900002,32.98,33.209999,37535900,33.209999
7/16/2014,34.419998,34.450001,33.720001,33.790001,56260600,33.790001
7/15/2014,35.720001,35.939999,35.200001,35.610001,36316600,35.610001
7/14/2014,35.799999,35.950001,35.450001,35.700001,18680500,35.700001
7/11/2014,34.950001,35.560001,34.779999,35.43,18379500,35.43
7/10/2014,34.330002,34.970001,34.099998,34.93,18064800,34.93
7/9/2014,34.68,35.07,34.68,34.849998,12626900,34.849998
7/8/2014,35.639999,35.66,34.279999,34.529999,23096900,34.529999
7/7/2014,36.150002,36.23,35.48,35.52,15716800,35.52
7/3/2014,36.07,36.150002,35.900002,36.139999,8604900,36.139999
7/2/2014,35.619999,35.91,35.400002,35.880001,16533600,35.880001
7/1/2014,35.5,35.700001,35.209999,35.349998,18609600,35.349998
6/30/2014,34.93,35.259998,34.849998,35.130001,20450100,35.130001
6/27/2014,33.849998,34.549999,33.700001,34.25,25500600,34.25
6/26/2014,33.25,33.75,33.02,33.66,16010000,33.66
6/25/2014,33.380001,33.650002,33.099998,33.25,18074400,33.25
6/24/2014,33.790001,33.990002,33.349998,33.48,14589800,33.48
6/23/2014,34.130001,34.220001,33.369999,33.639999,26206400,33.639999
6/20/2014,34.810001,34.810001,33.970001,34.049999,21605800,34.049999
6/19/2014,35.139999,35.200001,34.52,34.68,16200000,34.68
6/18/2014,34.669998,35.009998,34.259998,34.939999,17836000,34.939999
6/17/2014,34.799999,34.939999,34.299999,34.43,24402900,34.43
6/16/2014,35,35.490002,34.77,34.810001,32432300,34.810001
6/13/2014,36.880001,37.060001,36.639999,36.939999,12926300,36.939999
6/12/2014,36.5,36.790001,36.34,36.779999,12466100,36.779999
6/11/2014,36.25,36.84,36.110001,36.630001,13321500,36.630001
6/10/2014,35.869999,36.52,35.860001,36.310001,9179300,36.310001
6/9/2014,35.860001,36.32,35.540001,36.040001,14390000,36.040001
6/6/2014,35.060001,36.080002,35.049999,35.919998,18707200,35.919998
6/5/2014,34.790001,34.990002,34.360001,34.939999,11192800,34.939999
6/4/2014,34.48,34.830002,34.259998,34.73,9434100,34.73
6/3/2014,34.799999,34.970001,34.580002,34.650002,6557500,34.650002
6/2/2014,34.689999,34.950001,34.279999,34.869999,9178900,34.869999
5/30/2014,34.919998,34.93,34.130001,34.650002,13153000,34.650002
5/29/2014,34.900002,35.099998,34.669998,34.900002,9780800,34.900002
5/28/2014,35.150002,35.169998,34.419998,34.779999,16960500,34.779999
5/27/2014,35,35.130001,34.73,35.119999,13057000,35.119999
5/23/2014,34.849998,35.080002,34.509998,35.02,16294400,35.02
5/22/2014,34.599998,34.860001,34.259998,34.700001,17522800,34.700001
5/21/2014,34,34.389999,33.889999,34.360001,13804500,34.360001
5/20/2014,33.990002,34.470001,33.669998,33.869999,18596700,33.869999
5/19/2014,33.41,33.990002,33.279999,33.889999,14845700,33.889999
5/16/2014,33.66,33.66,33.099998,33.41,18847100,33.41
5/15/2014,34.18,34.189999,33.400002,33.799999,18879800,33.799999
5/14/2014,34.48,34.650002,33.98,34.169998,17039000,34.169998
5/13/2014,34.43,34.689999,34.169998,34.400002,12477100,34.400002
5/12/2014,33.990002,34.599998,33.869999,34.450001,22520600,34.450001
5/9/2014,34.009998,34.099998,33.41,33.759998,20303400,33.759998
5/8/2014,33.880001,34.57,33.610001,33.919998,30407700,33.919998
5/7/2014,35.990002,35.990002,33.669998,34.07,66062700,34.07
5/6/2014,36.939999,37.169998,36.48,36.490002,19156000,36.490002
5/5/2014,36.68,37.049999,36.299999,36.91,13129100,36.91
5/2/2014,36.59,37.119999,36.209999,36.869999,22454100,36.869999
5/1/2014,36.259998,36.689999,36,36.509998,19474700,36.509998
4/30/2014,35.889999,36.439999,35.25,35.950001,23341500,35.950001
4/29/2014,34.369999,35.889999,34.119999,35.830002,28736000,35.830002
4/28/2014,34.669998,35,33.650002,33.990002,31019200,33.990002
4/25/2014,35.029999,35.099998,34.290001,34.48,19401600,34.48
4/24/2014,35.82,35.82,34.77,35.240002,17242300,35.240002
4/23/2014,36.080002,36.189999,35.400002,35.439999,19051700,35.439999
4/22/2014,36.709999,36.849998,36.110001,36.139999,17915200,36.139999
4/21/2014,36.599998,36.650002,35.889999,36.400002,16685400,36.400002
4/17/2014,36.290001,36.599998,35.549999,36.380001,28932700,36.380001
4/16/2014,36.98,37.299999,35.810001,36.349998,61599100,36.349998
4/15/2014,33.93,34.279999,32.639999,34.209999,50600400,34.209999
4/14/2014,33.549999,34.040001,33.040001,33.450001,26322600,33.450001
4/11/2014,32.639999,33.48,32.150002,32.869999,28040700,32.869999
4/10/2014,34.880001,34.98,33.09,33.400002,34024900,33.400002
4/9/2014,34.189999,35,33.950001,34.869999,21651200,34.869999
4/8/2014,33.099998,34.43,33.02,33.830002,35486100,33.830002
4/7/2014,34.110001,34.369999,32.529999,33.07,47770200,33.07
4/4/2014,36.009998,36.049999,33.830002,34.259998,41049900,34.259998
4/3/2014,36.66,36.790001,35.509998,35.759998,16827800,35.759998
4/2/2014,36.68,36.860001,36.560001,36.639999,14522800,36.639999
4/1/2014,36.16,36.860001,36.150002,36.490002,15734000,36.490002
3/31/2014,36.459999,36.580002,35.73,35.900002,15153200,35.900002
3/28/2014,35.77,36.73,35.529999,35.900002,18292900,35.900002
3/27/2014,35.5,36.150002,35.049999,35.59,21929600,35.59
3/26/2014,36.240002,36.740002,35.450001,35.450001,20938800,35.450001
3/25/2014,37,37.07,35.860001,35.93,31715100,35.93
3/24/2014,38,38.040001,36.279999,36.68,29589000,36.68
3/21/2014,38.099998,38.27,37.73,37.939999,16044200,37.939999
3/20/2014,38.369999,38.470001,37.419998,37.77,19517000,37.77
3/19/2014,39.66,39.939999,38.509998,38.610001,19324600,38.610001
3/18/2014,39,39.509998,38.799999,39.450001,16934700,39.450001
3/17/2014,39,39.360001,38.610001,39.110001,29698300,39.110001
3/14/2014,36.689999,38.189999,36.450001,37.599998,30862300,37.599998
3/13/2014,38.049999,38.419998,36.810001,37.23,21179700,37.23
3/12/2014,37.209999,37.610001,36.48,37.5,14794700,37.5
3/11/2014,38.25,38.299999,37.43,37.560001,12592300,37.560001
3/10/2014,38.630001,38.779999,37.91,38.049999,11819200,38.049999
3/7/2014,39.709999,39.91,38.450001,38.700001,14455500,38.700001
3/6/2014,39.599998,39.98,39.5,39.66,10626700,39.66
3/5/2014,39.830002,40.150002,39.189999,39.5,12536800,39.5
3/4/2014,38.759998,39.790001,38.68,39.630001,16139400,39.630001
3/3/2014,37.650002,38.66,37.43,38.25,14714700,38.25
2/28/2014,38.549999,39.380001,38.220001,38.669998,16957100,38.669998
2/27/2014,37.799999,38.48,37.740002,38.470001,15489400,38.470001
2/26/2014,37.349998,38.099998,37.34,37.619999,15778900,37.619999
2/25/2014,37.48,37.580002,37.02,37.259998,9756900,37.259998
2/24/2014,37.23,37.709999,36.82,37.419998,15738900,37.419998
2/21/2014,37.900002,37.959999,37.220001,37.290001,12351900,37.290001
2/20/2014,37.830002,38.040001,37.299999,37.790001,11155900,37.790001
2/19/2014,38.060001,38.330002,37.68,37.810001,15851900,37.810001
2/18/2014,38.310001,38.59,38.09,38.310001,12096400,38.310001
2/14/2014,38.43,38.450001,38.110001,38.23,9975800,38.23
2/13/2014,37.919998,38.689999,37.790001,38.52,12088100,38.52
2/12/2014,38.599998,38.91,38.029999,38.110001,14088500,38.110001
2/11/2014,38.150002,38.860001,38.09,38.5,18348000,38.5
2/10/2014,38,38.130001,37.25,37.759998,17642900,37.759998
2/7/2014,36.650002,37.27,36.240002,37.23,16178500,37.23
2/6/2014,35.650002,36.75,35.610001,36.240002,14250000,36.240002
2/5/2014,35.599998,35.939999,34.990002,35.490002,14022900,35.490002
2/4/2014,35.110001,35.860001,34.860001,35.66,21082500,35.66
2/3/2014,35.939999,36.009998,34.66,34.900002,22195200,34.900002
1/31/2014,34.689999,36.330002,34.549999,36.009998,30072400,36.009998
1/30/2014,34.889999,35.810001,34.450001,35.310001,32244700,35.310001
1/29/2014,35.77,36.310001,34.82,34.889999,67190500,34.889999
1/28/2014,36.830002,38.32,36.52,38.220001,39765300,38.220001
1/27/2014,37.599998,37.939999,36.619999,36.650002,26728000,36.650002
1/24/2014,38.669998,38.98,37.619999,37.91,26309000,37.91
1/23/2014,39.310001,39.77,39.139999,39.389999,15384300,39.389999
1/22/2014,39.66,40.400002,39.32,40.18,12994600,40.18
1/21/2014,39.98,40.049999,38.860001,39.52,21436400,39.52
1/17/2014,40.119999,40.439999,39.470001,40.009998,19262500,40.009998
1/16/2014,40.43,40.75,40.110001,40.34,16348200,40.34
1/15/2014,41.060001,41.310001,40.759998,41.07,9475500,41.07
1/14/2014,40.209999,41.139999,40.040001,41.139999,14473900,41.139999
1/13/2014,41.16,41.220001,39.799999,39.990002,16047200,39.990002
1/10/2014,40.950001,41.349998,40.82,41.23,8721700,41.23
1/9/2014,41.330002,41.349998,40.610001,40.919998,12897300,40.919998
1/8/2014,41.290001,41.720001,41.02,41.02,18638200,41.02
1/7/2014,40.080002,41.200001,40.080002,40.919998,14100000,40.919998
1/6/2014,40.049999,40.32,39.75,39.93,12467500,39.93
1/3/2014,40.16,40.439999,39.82,40.119999,15755200,40.119999
1/2/2014,40.369999,40.490002,39.310001,39.59,21504200,39.59
12/31/2013,40.169998,40.5,40,40.439999,8291400,40.439999
12/30/2013,40.459999,40.580002,39.849998,40.200001,8676800,40.200001
12/27/2013,40.720001,40.75,40.32,40.490002,6138700,40.490002
12/26/2013,41,41.049999,40.220001,40.650002,7364600,40.650002
12/24/2013,40.91,40.950001,40.66,40.849998,5113900,40.849998
12/23/2013,40.25,40.799999,40.130001,40.77,7447900,40.77
12/20/2013,40.389999,40.599998,40.110001,40.119999,24637200,40.119999
12/19/2013,40.040001,40.380001,39.91,40.200001,10710200,40.200001
12/18/2013,39.529999,40.040001,38.82,40.040001,16844000,40.040001
12/17/2013,39.990002,40,39.400002,39.509998,9842000,39.509998
12/16/2013,39.970001,40.27,39.599998,39.73,11439100,39.73
12/13/2013,39.610001,40.200001,39.560001,39.73,13773700,39.73
12/12/2013,39.02,40,39,39.349998,16184600,39.349998
12/11/2013,39.900002,40.16,38.919998,39.16,20915200,39.16
12/10/2013,38.919998,40.25,38.919998,40.220001,25479700,40.220001
12/9/2013,39.130001,39.200001,38.57,38.869999,14386300,38.869999
12/6/2013,39.240002,39.279999,38.529999,38.860001,22215000,38.860001
12/5/2013,38.240002,39.310001,38.049999,38.869999,27662000,38.869999
12/4/2013,36.470001,38.150002,36.25,38.130001,26139700,38.130001
12/3/2013,36.77,37.07,36.34,36.560001,14098300,36.560001
12/2/2013,37.040001,37.150002,36.68,37.009998,11573000,37.009998
11/29/2013,36.91,37.349998,36.900002,36.98,6455400,36.98
11/27/2013,36.700001,37.119999,36.509998,36.959999,10427500,36.959999
11/26/2013,36.32,36.75,36.110001,36.639999,10458300,36.639999
11/25/2013,36.779999,36.849998,35.959999,36.290001,15159800,36.290001
11/22/2013,36.189999,36.630001,35.959999,36.490002,13247500,36.490002
11/21/2013,36.23,36.66,36.220001,36.299999,26425000,36.299999
11/20/2013,35.43,36.220001,35.220001,35.619999,32439800,35.619999
11/19/2013,35.029999,35.169998,34.509998,34.630001,14955300,34.630001
11/18/2013,35.650002,36.189999,34.509998,34.98,19070000,34.98
11/15/2013,35.799999,35.939999,35.299999,35.470001,15615700,35.470001
11/14/2013,35.07,35.889999,34.759998,35.689999,21411400,35.689999
11/13/2013,33.82,35.119999,33.630001,35.099998,21359400,35.099998
11/12/2013,34,34.52,33.880001,34.07,18227600,34.07
11/11/2013,33.57,33.990002,33.25,33.82,15846800,33.82
11/8/2013,32.23,33.119999,32.200001,33.119999,15082800,33.119999
11/7/2013,32.990002,33.049999,32.060001,32.110001,16861300,32.110001
11/6/2013,33.07,33.299999,32.709999,32.880001,10826400,32.880001
11/5/2013,33.029999,33.080002,32.549999,32.970001,13471100,32.970001
11/4/2013,33.200001,33.66,33.009998,33.189999,15778500,33.189999
11/1/2013,33.150002,33.349998,33,33.18,15201400,33.18
10/31/2013,32.43,33.119999,32.279999,32.939999,15301900,32.939999
10/30/2013,33.330002,33.48,32.380001,32.57,14292300,32.57
10/29/2013,33.07,34,32.82,33.169998,29349200,33.169998
10/28/2013,32.09,32.700001,31.700001,32.349998,18325700,32.349998
10/25/2013,32.310001,32.950001,32,32.25,22290000,32.25
10/24/2013,33.16,33.310001,32.810001,33.080002,15086700,33.080002
10/23/2013,33.759998,33.84,33.02,33.099998,15931700,33.099998
10/22/2013,34.240002,34.599998,33.580002,33.939999,17549100,33.939999
10/21/2013,33.650002,34.349998,33.650002,34.060001,17776700,34.060001
10/18/2013,33.169998,33.75,33.110001,33.43,24622900,33.43
10/17/2013,32.880001,33.009998,32.310001,32.740002,25229700,32.740002
10/16/2013,33.900002,34.110001,32.830002,33.09,44820000,33.09
10/15/2013,34.200001,34.32,33.060001,33.380001,42773900,33.380001
10/14/2013,33.799999,34.099998,33.68,34,17614000,34
10/11/2013,33.669998,34.369999,33.610001,34.150002,17012300,34.150002
10/10/2013,33.490002,33.91,33.330002,33.869999,23448100,33.869999
10/9/2013,33.07,33.330002,31.790001,33.009998,33509700,33.009998
10/8/2013,34.459999,34.5,32.099998,32.93,42914600,32.93
10/7/2013,34.459999,34.689999,34.080002,34.139999,15448700,34.139999
10/4/2013,33.959999,35.060001,33.959999,34.889999,23950200,34.889999
10/3/2013,34.32,34.360001,33.200001,33.880001,23263900,33.880001
10/2/2013,34.150002,34.700001,33.900002,34.139999,21637400,34.139999
10/1/2013,33.360001,34.439999,33.299999,34.310001,28180900,34.310001
9/30/2013,33.040001,33.75,32.68,33.169998,30065800,33.169998
9/27/2013,33.330002,33.849998,32.759998,33.549999,31791600,33.549999
9/26/2013,31.65,33,31.58,32.75,39233700,32.75
9/25/2013,31.4,32.029999,31.120001,31.34,19146600,31.34
9/24/2013,30.549999,31.66,30.540001,31.27,27820600,31.27
9/23/2013,31.030001,31.030001,30.02,30.26,15728900,30.26
9/20/2013,31.049999,31.1,30.76,30.93,14925400,30.93
9/19/2013,30.530001,31.049999,30.34,31.030001,12795100,31.030001
9/18/2013,30.01,30.459999,29.85,30.440001,15570600,30.440001
9/17/2013,29.639999,30,29.309999,30,10499700,30
9/16/2013,29.639999,30.040001,29.51,29.620001,15748700,29.620001
9/13/2013,29.469999,29.469999,28.799999,29.26,13836600,29.26
9/12/2013,29.719999,30.27,29.5,29.65,22060700,29.65
9/11/2013,29.379999,29.41,28.969999,29.190001,10374600,29.190001
9/10/2013,29.43,29.629999,29.08,29.48,13007600,29.48
9/9/2013,28.32,29.32,28.32,29.24,21178000,29.24
9/6/2013,28.35,28.5,27.82,28.17,10807500,28.17
9/5/2013,28.1,28.35,27.91,28.23,8989600,28.23
9/4/2013,27.700001,28.120001,27.6,28.07,8880500,28.07
9/3/2013,27.379999,27.870001,27.370001,27.780001,14591100,27.780001
8/30/2013,27.389999,27.440001,26.82,27.120001,16344400,27.120001
8/29/2013,27.030001,27.450001,27.030001,27.299999,13911900,27.299999
8/28/2013,26.9,27.24,26.83,27.110001,9603100,27.110001
8/27/2013,27.24,27.459999,26.75,27,14549500,27
8/26/2013,27.99,28.040001,27.700001,27.700001,9754400,27.700001
8/23/2013,28.299999,28.32,27.809999,27.99,13192900,27.99
8/22/2013,27.6,28.01,27.370001,27.9,15728600,27.9
8/21/2013,27.09,27.49,27,27.059999,8791300,27.059999
8/20/2013,26.92,27.309999,26.9,27.120001,10707200,27.120001
8/19/2013,27.27,27.440001,26.91,26.91,11876000,26.91
8/16/2013,27,27.6,27,27.32,14823400,27.32
8/15/2013,27.83,27.83,27.120001,27.139999,14217100,27.139999
8/14/2013,28.190001,28.209999,28,28.049999,8471400,28.049999
8/13/2013,28.379999,28.6,28.23,28.34,14891300,28.34
8/12/2013,27.549999,28.370001,27.5,28.35,16561900,28.35
8/9/2013,27.41,27.700001,27.200001,27.68,13051100,27.68
8/8/2013,27.549999,27.620001,27.23,27.48,8934400,27.48
8/7/2013,27.309999,27.51,27.059999,27.389999,9450700,27.389999
8/6/2013,27.67,27.75,27.15,27.32,10951100,27.32
8/5/2013,27.709999,27.799999,27.450001,27.67,7839200,27.67
8/2/2013,28.07,28.09,27.549999,27.65,11863400,27.65
8/1/2013,28.35,28.450001,27.91,27.959999,13157600,27.959999
7/31/2013,27.92,28.209999,27.57,28.09,20920100,28.09
7/30/2013,28.09,28.23,27.860001,28.049999,10337800,28.049999
7/29/2013,27.950001,28.33,27.799999,27.93,11095100,27.93
7/26/2013,28,28.34,27.74,28.110001,11918700,28.110001
7/25/2013,27.73,28.459999,27.65,28.27,20000600,28.27
7/24/2013,27.540001,27.92,27.23,27.84,22739800,27.84
7/23/2013,28.030001,28.040001,27.209999,27.360001,25923400,27.360001
7/22/2013,28.08,28.42,27.629999,27.860001,46046400,27.860001
7/19/2013,29.41,29.719999,29.040001,29.110001,20756900,29.110001
7/18/2013,29.57,29.83,28.73,29.66,35025600,29.66
7/17/2013,27.66,29.73,27.52,29.66,83791400,29.66
7/16/2013,27.299999,27.450001,26.73,26.879999,31375200,26.879999
7/15/2013,27.469999,27.469999,27.059999,27.34,16674800,27.34
7/12/2013,27.08,27.440001,27.01,27.23,17315300,27.23
7/11/2013,26.950001,27.190001,26.940001,27.040001,17589800,27.040001
7/10/2013,26.879999,27.07,26.190001,26.559999,15103300,26.559999
7/9/2013,25.74,26.700001,25.74,26.68,17567800,26.68
7/8/2013,25.719999,25.99,25.49,25.530001,10478400,25.530001
7/5/2013,25.85,26.26,25.52,25.68,11097500,25.68
7/3/2013,24.84,25.639999,24.82,25.59,6059100,25.59
7/2/2013,25.27,25.5,24.9,24.99,10129600,24.99
7/1/2013,25.26,25.540001,25.18,25.24,10679300,25.24
6/28/2013,25.43,25.540001,24.889999,25.129999,26774300,25.129999
6/27/2013,25.469999,25.98,25.440001,25.469999,14489800,25.469999
6/26/2013,25.219999,25.68,25.01,25.290001,12583100,25.290001
6/25/2013,24.290001,25.01,24.23,24.959999,18883900,24.959999
6/24/2013,24.98,25.09,23.82,24.07,37006200,24.07
6/21/2013,25.290001,25.43,24.940001,25.190001,24574100,25.190001
6/20/2013,26.030001,26.049999,25.23,25.35,19115500,25.35
6/19/2013,26.6,26.780001,26.23,26.24,11398300,26.24
6/18/2013,26.57,26.889999,26.51,26.66,9710700,26.66
6/17/2013,26.290001,26.85,26.24,26.540001,10289700,26.540001
6/14/2013,26.32,26.549999,26.16,26.280001,7398800,26.280001
6/13/2013,25.790001,26.459999,25.709999,26.370001,9763800,26.370001
6/12/2013,26.5,26.530001,25.889999,25.889999,11920800,25.889999
6/11/2013,26.43,26.879999,26.32,26.4,10097100,26.4
6/10/2013,27.040001,27.120001,26.700001,26.74,15850700,26.74
6/7/2013,26.389999,27.09,26.280001,27.040001,16948700,27.040001
6/6/2013,25.879999,26.209999,25.66,26.209999,13559000,26.209999
6/5/2013,26.110001,26.25,25.690001,25.75,14270500,25.75
6/4/2013,26.459999,26.57,25.969999,26.26,13218300,26.26
6/3/2013,26.370001,26.620001,26.129999,26.389999,16454100,26.389999
5/31/2013,26.200001,26.6,26.09,26.299999,23994200,26.299999
5/30/2013,25.83,26.5,25.799999,26.33,12916200,26.33
5/29/2013,25.9,26.040001,25.32,25.809999,18738900,25.809999
5/28/2013,26.65,26.77,25.98,26.07,19015300,26.07
5/24/2013,25.9,26.48,25.65,26.33,14967100,26.33
5/23/2013,25.950001,26.27,25.700001,26.02,23307000,26.02
5/22/2013,27.07,27.190001,26.440001,26.540001,16046200,26.540001
5/21/2013,26.9,27.129999,26.719999,27,14889000,27
5/20/2013,26.68,27.049999,26.209999,26.58,25099100,26.58
5/17/2013,26.780001,26.98,26.459999,26.52,14889300,26.52
5/16/2013,27.43,27.43,26.57,26.58,18192300,26.58
5/15/2013,26.629999,27.68,26.549999,27.34,21956500,27.34
5/14/2013,26.75,26.870001,26.52,26.639999,14828200,26.639999
5/13/2013,26.76,26.83,26.360001,26.389999,15808000,26.389999
5/10/2013,26.32,26.860001,26.309999,26.83,16236400,26.83
5/9/2013,26.41,26.49,26.139999,26.24,11186000,26.24
5/8/2013,26.17,26.66,25.959999,26.41,24960800,26.41
5/7/2013,26.01,26.790001,25.549999,26.07,25883100,26.07
5/6/2013,25.049999,25.34,24.92,25.17,11990500,25.17
5/3/2013,25.129999,25.25,24.99,25.07,11513900,25.07
5/2/2013,24.34,24.969999,24.18,24.969999,10651000,24.969999
5/1/2013,24.67,24.719999,24.26,24.299999,11075000,24.299999
4/30/2013,24.379999,24.790001,24.360001,24.73,10091200,24.73
4/29/2013,24.85,24.91,24.35,24.43,12533100,24.43
4/26/2013,25.139999,25.370001,24.58,24.68,19573300,24.68
4/25/2013,24.93,25.290001,24.879999,25.200001,17289100,25.200001
4/24/2013,24.450001,24.969999,24.440001,24.75,15138800,24.75
4/23/2013,23.959999,24.450001,23.959999,24.379999,16718000,24.379999
4/22/2013,23.709999,23.959999,23.469999,23.950001,15539700,23.950001
4/19/2013,23.120001,23.629999,22.83,23.469999,17860200,23.469999
4/18/2013,23.66,23.700001,22.700001,23.26,25822300,23.26
4/17/2013,23.450001,24.1,23.129999,23.700001,45148600,23.700001
4/16/2013,24.059999,24.26,23.76,23.790001,30877500,23.790001
4/15/2013,24.719999,24.99,23.83,23.98,28129600,23.98
4/12/2013,24.58,24.799999,24.34,24.690001,13342800,24.690001
4/11/2013,24.41,24.57,24.309999,24.49,12362500,24.49
4/10/2013,24,24.32,23.950001,24.200001,17281900,24.200001
4/9/2013,23.559999,24,23.440001,23.83,14773900,23.83
4/8/2013,23.24,23.48,23.129999,23.48,9998100,23.48
4/5/2013,23.18,23.41,23.01,23.299999,14243700,23.299999
4/4/2013,23.49,23.719999,23.360001,23.52,12521200,23.52
4/3/2013,23.780001,23.879999,23.24,23.379999,14934300,23.379999
4/2/2013,23.77,23.9,23.6,23.780001,14724800,23.780001
4/1/2013,23.309999,23.620001,23.190001,23.5,12344300,23.5
3/28/2013,23.629999,23.77,23.450001,23.530001,17611900,23.530001
3/27/2013,23.540001,23.83,23.41,23.59,13943600,23.59
3/26/2013,23.459999,23.620001,23.35,23.59,16893200,23.59
3/25/2013,23.41,23.879999,23.309999,23.379999,23138900,23.379999
3/22/2013,22.879999,23.26,22.719999,23.26,18062100,23.26
3/21/2013,22.389999,22.950001,22.360001,22.860001,24719100,22.860001
3/20/2013,22.030001,22.33,21.950001,22.1,18094100,22.1
3/19/2013,22.059999,22.33,21.889999,22.17,12846900,22.17
3/18/2013,21.9,22.17,21.870001,22.01,15071700,22.01
3/15/2013,22.34,22.389999,21.969999,22.07,33557400,22.07
3/14/2013,22.469999,22.75,22.41,22.43,12798500,22.43
3/13/2013,22.48,22.48,22.16,22.34,13956200,22.34
3/12/2013,22.51,22.58,22.190001,22.4,12012300,22.4
3/11/2013,22.799999,23,22.57,22.6,16489200,22.6
3/8/2013,22.92,22.959999,22.709999,22.9,10583500,22.9
3/7/2013,22.92,23,22.65,22.700001,12881800,22.700001
3/6/2013,23.08,23.09,22.709999,22.799999,15193900,22.799999
3/5/2013,22.91,23.08,22.610001,22.950001,30497400,22.950001
3/4/2013,22.370001,22.74,22.200001,22.700001,30075300,22.700001
3/1/2013,21.360001,22.280001,21.26,21.940001,33776700,21.940001
2/28/2013,21.059999,21.57,21.049999,21.309999,18873700,21.309999
2/27/2013,20.809999,21.309999,20.690001,21.16,15697300,21.16
2/26/2013,20.68,20.85,20.58,20.76,14038200,20.76
2/25/2013,21.26,21.32,20.719999,20.73,13334900,20.73
2/22/2013,20.870001,21.309999,20.85,21.219999,13673300,21.219999
2/21/2013,20.92,21,20.74,20.83,13296100,20.83
2/20/2013,21.309999,21.450001,20.9,20.92,14438900,20.92
2/19/2013,21.030001,21.41,20.969999,21.290001,16665800,21.290001
2/15/2013,21.15,21.25,20.9,21.02,12584000,21.02
2/14/2013,21.1,21.26,21.059999,21.18,12817900,21.18
2/13/2013,21.15,21.43,21.07,21.15,18797900,21.15
2/12/2013,20.940001,21.4,20.889999,21.209999,27750200,21.209999
2/11/2013,20.440001,20.98,20.389999,20.9,22089900,20.9
2/8/2013,20.379999,20.610001,20.299999,20.5,22249700,20.5
2/7/2013,20.1,20.43,19.93,20.32,24705600,20.32
2/6/2013,19.629999,19.9,19.59,19.85,15392300,19.85
2/5/2013,19.49,19.780001,19.42,19.66,13559800,19.66
2/4/2013,19.76,19.809999,19.309999,19.34,23906500,19.34
2/1/2013,19.77,19.83,19.58,19.76,27610600,19.76
1/31/2013,19.92,19.99,19.57,19.629999,34973700,19.629999
1/30/2013,19.92,20.120001,19.690001,20.120001,36572300,20.120001
1/29/2013,20.870001,20.879999,19.68,19.700001,57652300,19.700001
1/28/2013,20.5,20.5,20.200001,20.309999,39510100,20.309999
1/25/2013,20.43,20.48,20.23,20.370001,14954300,20.370001
1/24/2013,20.08,20.52,20.07,20.440001,13711400,20.440001
1/23/2013,19.98,20.190001,19.91,20.110001,13857900,20.110001
1/22/2013,19.91,19.950001,19.719999,19.9,13866900,19.9
1/18/2013,20.07,20.17,19.969999,20.02,13535100,20.02
1/17/2013,20.139999,20.209999,20,20.129999,14500600,20.129999
1/16/2013,19.91,20.139999,19.620001,20.07,33291700,20.07
1/15/2013,19.280001,19.540001,19.280001,19.52,16087600,19.52
1/14/2013,19.33,19.540001,19.25,19.43,13828400,19.43
1/11/2013,19.049999,19.379999,18.889999,19.290001,21552200,19.290001
1/10/2013,19.190001,19.379999,18.93,18.99,30647000,18.99
1/9/2013,19.73,19.75,19.219999,19.32,21646700,19.32
1/8/2013,19.32,19.68,19.299999,19.66,16931700,19.66
1/7/2013,19.559999,19.58,19.280001,19.4,23864500,19.4
1/4/2013,19.76,19.950001,19.719999,19.860001,12489600,19.860001
1/3/2013,20.049999,20.1,19.719999,19.780001,19504400,19.780001
1/2/2013,20.200001,20.32,20.01,20.08,20463100,20.08
12/31/2012,19.43,19.969999,19.4,19.9,20645100,19.9
12/28/2012,19.440001,19.57,19.280001,19.5,16667800,19.5
12/27/2012,19.540001,19.67,19.440001,19.6,13999400,19.6
12/26/2012,19.700001,19.75,19.52,19.57,9376200,19.57
12/24/2012,19.450001,19.66,19.379999,19.65,11431500,19.65
12/21/2012,19.49,19.49,19.23,19.35,32727700,19.35
12/20/2012,19.58,19.709999,19.41,19.690001,24572800,19.690001
12/19/2012,19.59,19.690001,19.58,19.6,12351400,19.6
12/18/2012,19.719999,19.76,19.58,19.620001,17094600,19.620001
12/17/2012,19.719999,19.74,19.530001,19.690001,14760300,19.690001
12/14/2012,19.4,19.719999,19.4,19.639999,19580400,19.639999
12/13/2012,19.440001,19.540001,19.26,19.35,20454600,19.35
12/12/2012,19.559999,19.6,19.34,19.379999,22899200,19.379999
12/11/2012,19.530001,19.629999,19.43,19.52,19049500,19.52
12/10/2012,19.18,19.469999,19.15,19.43,24127800,19.43
12/7/2012,19.16,19.299999,19.059999,19.200001,19159700,19.200001
12/6/2012,18.780001,19.280001,18.77,19.200001,25312800,19.200001
12/5/2012,18.98,19.030001,18.77,18.889999,24739100,18.889999
12/4/2012,18.639999,18.959999,18.6,18.93,30725600,18.93
12/3/2012,18.549999,18.84,18.34,18.549999,29603000,18.549999
11/30/2012,18.9,18.950001,18.690001,18.77,24075300,18.77
11/29/2012,18.950001,19.030001,18.85,18.870001,27259800,18.870001
11/28/2012,18.780001,18.950001,18.530001,18.91,30313200,18.91
11/27/2012,18.870001,19.16,18.799999,18.93,29330500,18.93
11/26/2012,18.879999,19,18.700001,18.76,34042700,18.76
11/23/2012,18.5,18.59,18.4,18.57,7714800,18.57
11/21/2012,18.24,18.5,18.200001,18.4,19584800,18.4
11/20/2012,18.440001,18.5,18.190001,18.24,26228200,18.24
11/19/2012,18.02,18.370001,17.870001,18.360001,32995900,18.360001
11/16/2012,17.91,18.02,17.76,17.860001,31014300,17.860001
11/15/2012,17.82,18.16,17.74,17.889999,35659000,17.889999
11/14/2012,17.9,18.08,17.75,17.83,36398900,17.83
11/13/2012,17.42,17.85,17.379999,17.85,29016900,17.85
11/12/2012,17.18,17.559999,17.17,17.51,22361500,17.51
11/9/2012,17.219999,17.52,17.18,17.26,23832100,17.26
11/8/2012,17.299999,17.5,17.23,17.24,20322000,17.24
11/7/2012,17.24,17.559999,17.18,17.389999,24344200,17.389999
11/6/2012,17.440001,17.530001,17.32,17.459999,26321200,17.459999
11/5/2012,17.1,17.43,17.01,17.370001,31854300,17.370001
11/2/2012,17,17.139999,16.950001,17.110001,27568700,17.110001
11/1/2012,16.9,17.049999,16.860001,16.950001,19764900,16.950001
10/31/2012,16.809999,16.889999,16.6,16.84,21058800,16.84
10/26/2012,16.540001,16.82,16.52,16.790001,23374200,16.790001
10/25/2012,16.719999,16.77,16.49,16.610001,23080800,16.610001
10/24/2012,16.780001,16.799999,16.48,16.549999,25119700,16.549999
10/23/2012,16.530001,16.790001,16.26,16.67,71575400,16.67
10/22/2012,15.81,15.95,15.74,15.77,32288000,15.77
10/19/2012,16,16.030001,15.83,15.84,32893100,15.84
10/18/2012,16.23,16.24,15.83,16,26361000,16
10/17/2012,15.85,16.120001,15.83,16.09,19570500,16.09
10/16/2012,15.82,15.98,15.76,15.92,20574100,15.92
10/15/2012,15.85,15.87,15.65,15.68,20786500,15.68
10/12/2012,15.9,16.02,15.86,15.88,12239100,15.88
10/11/2012,15.94,16.02,15.84,15.92,12973000,15.92
10/10/2012,15.83,15.99,15.8,15.83,14546300,15.83
10/9/2012,16.030001,16.049999,15.81,15.85,14110000,15.85
10/8/2012,16.02,16.16,16,16.030001,11736700,16.030001
10/5/2012,16.27,16.379999,16.09,16.09,9240400,16.09
10/4/2012,16.219999,16.35,16.15,16.27,17283900,16.27
10/3/2012,16,16.24,15.99,16.209999,20399000,16.209999
10/2/2012,16.030001,16.040001,15.88,15.94,13696700,15.94
10/1/2012,16,16.09,15.77,15.83,20601900,15.83
9/28/2012,16.01,16.09,15.93,15.98,19744300,15.98
9/27/2012,15.9,16.200001,15.79,16.040001,24416200,16.040001
9/26/2012,15.71,15.81,15.55,15.61,12784100,15.61
9/25/2012,16.09,16.09,15.67,15.68,22966300,15.68
9/24/2012,15.69,16.040001,15.6,16,23019900,16
9/21/2012,15.72,15.82,15.66,15.74,49167000,15.74
9/20/2012,15.76,15.86,15.65,15.79,18169800,15.79
9/19/2012,15.96,16.129999,15.84,15.86,30681100,15.86
9/18/2012,15.65,16.17,15.6,15.91,42449600,15.91
9/17/2012,15.81,15.84,15.63,15.68,11697700,15.68
9/14/2012,15.7,15.84,15.62,15.77,17642600,15.77
9/13/2012,15.38,15.69,15.37,15.6,12136300,15.6
9/12/2012,15.3,15.55,15.28,15.4,22006000,15.4
9/11/2012,15.09,15.25,15.06,15.16,8036400,15.16
9/10/2012,15.19,15.28,15.11,15.11,10520100,15.11
9/7/2012,15.12,15.29,15.1,15.22,12988700,15.22
9/6/2012,15.13,15.15,14.96,15.11,18011600,15.11
9/5/2012,14.86,15.14,14.85,15.09,21118800,15.09
9/4/2012,14.64,14.98,14.59,14.89,18809200,14.89
8/31/2012,14.79,14.82,14.59,14.65,11619700,14.65
8/30/2012,14.81,14.84,14.64,14.67,10698800,14.67
8/29/2012,14.73,14.94,14.7,14.84,21113600,14.84
8/28/2012,14.84,14.87,14.69,14.72,12706400,14.72
8/27/2012,14.92,14.93,14.77,14.85,10054000,14.85
8/24/2012,14.82,14.94,14.77,14.92,8650400,14.92
8/23/2012,14.9,14.97,14.82,14.87,12463000,14.87
8/22/2012,14.95,14.99,14.86,14.92,9168400,14.92
8/21/2012,14.95,15.01,14.88,14.97,27934700,14.97
8/20/2012,14.99,15.05,14.88,14.96,11193900,14.96
8/17/2012,15.02,15.07,14.85,15.03,19640700,15.03
8/16/2012,14.81,15.01,14.75,14.99,24971900,14.99
8/15/2012,14.77,14.86,14.65,14.76,20682900,14.76
8/14/2012,15.04,15.05,14.69,14.73,29655200,14.73
8/13/2012,15.03,15.21,15,15.02,20849400,15.02
8/10/2012,15.25,15.35,15.01,15.15,61987300,15.15
8/9/2012,16.16,16.16,15.98,16.01,8613100,16.01
8/8/2012,16.15,16.32,16.09,16.17,7379000,16.17
8/7/2012,16.09,16.370001,16.07,16.219999,17281700,16.219999
8/6/2012,16,16.07,15.95,16.040001,8803900,16.040001
8/3/2012,15.89,16.030001,15.82,15.97,9140800,15.97
8/2/2012,15.86,16,15.64,15.75,12900500,15.75
8/1/2012,15.86,16.07,15.83,15.99,14008000,15.99
7/31/2012,16,16.059999,15.81,15.84,13753800,15.84
7/30/2012,16.15,16.15,15.9,15.98,10187600,15.98
7/27/2012,15.88,16.17,15.84,16.110001,14220800,16.110001
7/26/2012,15.69,15.88,15.62,15.8,11033200,15.8
7/25/2012,15.52,15.64,15.4,15.5,15092000,15.5
7/24/2012,15.74,15.76,15.23,15.43,19733400,15.43
7/23/2012,15.7,15.81,15.59,15.76,14825800,15.76
7/20/2012,15.75,15.94,15.68,15.92,16919700,15.92
7/19/2012,15.71,15.86,15.64,15.73,15985300,15.73
7/18/2012,15.64,15.75,15.51,15.7,19270600,15.7
7/17/2012,15.85,15.89,15.42,15.6,30596300,15.6
7/16/2012,15.69,15.8,15.6,15.65,14982900,15.65
7/13/2012,15.7,15.84,15.69,15.74,11811600,15.74
7/12/2012,15.63,15.81,15.54,15.69,18390200,15.69
7/11/2012,15.82,15.94,15.68,15.8,16482300,15.8
7/10/2012,15.83,15.98,15.71,15.82,15933900,15.82
7/9/2012,15.78,15.84,15.7,15.75,10375900,15.75
7/6/2012,15.8,15.91,15.68,15.78,12151600,15.78
7/5/2012,15.9,15.99,15.81,15.85,11440800,15.85
7/3/2012,15.83,15.99,15.82,15.98,8148400,15.98
7/2/2012,15.8,15.94,15.76,15.84,7226600,15.84
6/29/2012,15.61,15.83,15.53,15.83,13501800,15.83
6/28/2012,15.41,15.48,15.29,15.45,12479200,15.45
6/27/2012,15.41,15.63,15.38,15.52,11261800,15.52
6/26/2012,15.4,15.47,15.19,15.35,13640400,15.35
6/25/2012,15.51,15.55,15.31,15.44,13383100,15.44
6/22/2012,15.53,15.7,15.52,15.61,11042700,15.61
6/21/2012,15.74,15.8,15.47,15.52,13102700,15.52
6/20/2012,15.69,15.75,15.58,15.74,11260700,15.74
6/19/2012,15.52,15.69,15.51,15.65,10635800,15.65
6/18/2012,15.33,15.54,15.27,15.49,9654000,15.49
6/15/2012,15.44,15.44,15.33,15.36,11716500,15.36
6/14/2012,15.3,15.46,15.25,15.36,11612700,15.36
6/13/2012,15.47,15.49,15.27,15.34,16454100,15.34
6/12/2012,15.35,15.52,15.26,15.47,17012500,15.47
6/11/2012,15.73,15.73,15.27,15.3,17145100,15.3
6/8/2012,15.52,15.68,15.4,15.65,16420600,15.65
6/7/2012,15.47,15.5,15.33,15.36,12635700,15.36
6/6/2012,15.14,15.41,15.14,15.36,18295500,15.36
6/5/2012,15,15.14,14.91,15.1,9725400,15.1
6/4/2012,14.9,15.03,14.81,15.01,15478000,15.01
6/1/2012,15.04,15.12,14.85,14.92,16196700,14.92
5/31/2012,15.23,15.37,15.12,15.24,17160000,15.24
5/30/2012,15.3,15.34,15.16,15.25,14924600,15.25
5/29/2012,15.4,15.55,15.28,15.47,18464900,15.47
5/25/2012,15.4,15.48,15.28,15.36,13629000,15.36
5/24/2012,15.34,15.51,15.22,15.35,13875600,15.35
5/23/2012,15.19,15.43,15.14,15.38,18115300,15.38
5/22/2012,15.58,15.61,15.19,15.29,33542000,15.29
5/21/2012,16,16,15.1,15.58,51145800,15.58
5/18/2012,15.78,15.87,15.36,15.42,32679400,15.42
5/17/2012,15.26,15.37,14.85,14.87,17345100,14.87
5/16/2012,15.4,15.57,15.26,15.28,17247400,15.28
5/15/2012,15.47,15.55,15.34,15.4,13742500,15.4
5/14/2012,15.48,15.77,15.4,15.5,30818600,15.5
5/11/2012,14.88,15.44,14.8,15.19,21134300,15.19
5/10/2012,15.4,15.54,15.3,15.44,11175700,15.44
5/9/2012,15.17,15.45,15.03,15.3,19008500,15.3
5/8/2012,15.31,15.44,15.09,15.36,18603600,15.36
5/7/2012,15.34,15.49,15.16,15.35,13466000,15.35
5/4/2012,15.25,15.29,15.09,15.15,13771300,15.15
5/3/2012,15.65,15.65,15.33,15.4,10932700,15.4
5/2/2012,15.58,15.77,15.54,15.67,10841000,15.67
5/1/2012,15.51,15.73,15.5,15.63,9799300,15.63
4/30/2012,15.55,15.57,15.45,15.54,10894600,15.54
4/27/2012,15.51,15.62,15.49,15.57,9711600,15.57
4/26/2012,15.44,15.55,15.38,15.53,12542800,15.53
4/25/2012,15.43,15.51,15.38,15.5,13236900,15.5
4/24/2012,15.33,15.52,15.33,15.43,12140200,15.43
4/23/2012,15.41,15.47,15.29,15.33,21683700,15.33
4/20/2012,15.41,15.7,15.39,15.6,24558400,15.6
4/19/2012,15.44,15.57,15.36,15.4,18431200,15.4
4/18/2012,15.4,15.57,15.3,15.49,36559000,15.49
4/17/2012,14.82,15.18,14.82,15.01,20559000,15.01
4/16/2012,15,15.04,14.73,14.79,13639200,14.79
4/13/2012,14.99,15.18,14.86,14.87,15335800,14.87
4/12/2012,14.9,15.1,14.84,15.06,9487500,15.06
4/11/2012,15.08,15.08,14.84,14.88,11200900,14.88
4/10/2012,15.08,15.18,14.91,14.99,15284200,14.99
4/9/2012,15,15.25,14.96,15.1,11335400,15.1
4/5/2012,15.14,15.26,15,15.07,11717000,15.07
4/4/2012,15.15,15.34,15,15.27,20954600,15.27
4/3/2012,15.36,15.43,15.06,15.18,18215000,15.18
4/2/2012,15.19,15.51,15.11,15.46,14423800,15.46
3/30/2012,15.37,15.42,15.18,15.22,15514100,15.22
3/29/2012,15.19,15.34,15.11,15.3,9933800,15.3
3/28/2012,15.45,15.48,15.14,15.32,18831800,15.32
3/27/2012,15.53,15.55,15.41,15.43,11891000,15.43
3/26/2012,15.46,15.56,15.36,15.54,11500800,15.54
3/23/2012,15.52,15.59,15.31,15.39,8493700,15.39
3/22/2012,15.51,15.56,15.38,15.49,14618600,15.49
3/21/2012,15.42,15.61,15.17,15.51,25024100,15.51
3/20/2012,15,15.61,14.92,15.41,22095600,15.41
3/19/2012,15.08,15.22,14.92,15.15,16649600,15.15
3/16/2012,14.95,15.18,14.92,15.18,28337600,15.18
3/15/2012,14.64,14.98,14.57,14.89,19809800,14.89
3/14/2012,14.54,14.64,14.42,14.63,14765500,14.63
3/13/2012,14.54,14.62,14.39,14.55,17134400,14.55
3/12/2012,14.66,14.76,14.48,14.49,11309200,14.49
3/9/2012,14.63,14.7,14.61,14.63,9769900,14.63
3/8/2012,14.7,14.77,14.52,14.62,11271400,14.62
3/7/2012,14.48,14.71,14.44,14.62,10622500,14.62
3/6/2012,14.61,14.69,14.35,14.42,12696600,14.42
3/5/2012,14.66,14.95,14.52,14.62,11749700,14.62
3/2/2012,14.89,14.92,14.66,14.72,9164900,14.72
3/1/2012,14.89,14.96,14.79,14.93,12283300,14.93
2/29/2012,14.89,14.93,14.78,14.83,19611100,14.83
2/28/2012,14.93,14.99,14.76,14.9,15395600,14.9
2/27/2012,14.74,14.91,14.72,14.86,13431000,14.86
2/24/2012,14.86,14.97,14.83,14.89,12105400,14.89
2/23/2012,14.55,14.81,14.37,14.78,15689700,14.78
2/22/2012,14.68,14.75,14.43,14.5,27187200,14.5
2/21/2012,15.04,15.07,14.75,14.75,29696600,14.75
2/17/2012,15.41,15.44,15,15.01,22889500,15.01
2/16/2012,15.25,15.38,15.1,15.36,15377400,15.36
2/15/2012,15.23,15.3,15.08,15.12,25318400,15.12
2/14/2012,16.07,16.1,14.92,15.37,88638700,15.37
2/13/2012,16.129999,16.24,16.049999,16.120001,10067300,16.120001
2/10/2012,16.02,16.309999,16,16.139999,27790100,16.139999
2/9/2012,16.1,16.1,15.9,16,22553000,16
2/8/2012,15.96,15.97,15.72,15.78,13439400,15.78
2/7/2012,15.84,15.89,15.74,15.83,13504500,15.83
2/6/2012,15.94,15.95,15.76,15.82,11291100,15.82
2/3/2012,15.94,15.98,15.83,15.92,13652100,15.92
2/2/2012,15.76,15.82,15.69,15.72,9948800,15.72
2/1/2012,15.57,15.8,15.53,15.73,13221000,15.73
1/31/2012,15.54,15.62,15.41,15.47,10725500,15.47
1/30/2012,15.61,15.65,15.5,15.55,11076900,15.55
1/27/2012,15.5,15.8,15.46,15.74,10859000,15.74
1/26/2012,15.63,15.69,15.42,15.53,15408400,15.53
1/25/2012,15.6,15.71,15.46,15.56,23349500,15.56
1/24/2012,15.57,15.81,15.55,15.69,17152200,15.69
1/23/2012,15.85,15.93,15.64,15.68,17864500,15.68
1/20/2012,16.110001,16.110001,15.85,15.96,22003800,15.96
1/19/2012,15.9,16.15,15.89,16.120001,22645000,16.120001
1/18/2012,15.87,16,15.69,15.92,35695800,15.92
1/17/2012,15.63,15.66,15.39,15.43,15334200,15.43
1/13/2012,15.65,15.67,15.43,15.48,11704700,15.48
1/12/2012,15.58,15.73,15.45,15.66,12664600,15.66
1/11/2012,15.56,15.62,15.35,15.53,10800800,15.53
1/10/2012,15.57,15.71,15.5,15.51,14048800,15.51
1/9/2012,15.59,15.61,15.35,15.46,13191900,15.46
1/6/2012,15.64,15.66,15.4,15.52,13308400,15.52
1/5/2012,15.6,15.69,15.44,15.64,19422800,15.64
1/4/2012,16.120001,16.16,15.74,15.78,35655300,15.78
1/3/2012,16.27,16.389999,16.200001,16.290001,19708600,16.290001
12/30/2011,16.18,16.209999,16.030001,16.129999,10832800,16.129999
12/29/2011,15.95,16.23,15.8,16.129999,15280900,16.129999
12/28/2011,16.030001,16.049999,15.67,15.78,14679900,15.78
12/27/2011,16.16,16.17,16.01,16.09,9739500,16.09
12/23/2011,16.049999,16.26,15.87,16.190001,17865900,16.190001
12/22/2011,16.360001,16.4,15.95,16,33812800,16
12/21/2011,15.15,16.24,14.74,15.99,47127600,15.99
12/20/2011,14.68,15.19,14.68,15.11,15885700,15.11
12/19/2011,14.95,15,14.57,14.62,21447300,14.62
12/16/2011,15.05,15.26,14.92,14.96,32617200,14.96
12/15/2011,15.21,15.29,15.01,15.16,14829800,15.16
12/14/2011,15.19,15.28,14.8,15.02,27251100,15.02
12/13/2011,15.54,15.74,15.35,15.42,15584400,15.42
12/12/2011,15.71,15.72,15.41,15.47,14689400,15.47
12/9/2011,15.61,15.96,15.6,15.94,13446300,15.94
12/8/2011,15.6,15.76,15.53,15.61,18126100,15.61
12/7/2011,15.82,15.86,15.56,15.62,19750500,15.62
12/6/2011,15.9,16.049999,15.84,15.84,17333200,15.84
12/5/2011,16.110001,16.139999,15.83,15.89,19896500,15.89
12/2/2011,16.309999,16.41,16.030001,16.049999,22714500,16.049999
12/1/2011,16.42,16.459999,16.09,16.23,47059800,16.23
11/30/2011,15.9,16.040001,15.65,15.71,34718200,15.71
11/29/2011,15.6,15.94,15.45,15.7,29294000,15.7
11/28/2011,15.24,15.47,15.21,15.35,19029000,15.35
11/25/2011,15,15.25,14.9,15.1,10781800,15.1
11/23/2011,15.2,15.24,14.83,14.94,20125200,14.94
11/22/2011,14.88,15.08,14.75,14.97,14836000,14.97
11/21/2011,15.19,15.19,14.77,14.99,23676900,14.99
11/18/2011,15.57,15.69,15.37,15.38,17160300,15.38
11/17/2011,15.69,15.77,15.2,15.34,17443700,15.34
11/16/2011,15.8,16.1,15.7,15.72,14367600,15.72
11/15/2011,15.93,16.049999,15.7,15.93,17650700,15.93
11/14/2011,16.17,16.309999,15.93,16,14277600,16
11/11/2011,15.96,16.309999,15.91,16.27,14541600,16.27
11/10/2011,16.18,16.219999,15.84,15.95,15366400,15.95
11/9/2011,16.17,16.5,15.87,15.92,45328300,15.92
11/8/2011,15.87,16.18,15.81,15.97,25079700,15.97
11/7/2011,15.26,15.7,15.25,15.69,22390700,15.69
11/4/2011,15.39,15.54,14.95,15.24,41853000,15.24
11/3/2011,15.2,15.5,15.03,15.48,16809500,15.48
11/2/2011,15.1,15.3,15,15.1,20758800,15.1
11/1/2011,14.95,15.08,14.75,14.93,41834700,14.93
10/31/2011,16.059999,16.07,15.45,15.64,39763700,15.64
10/28/2011,16.41,16.700001,16.25,16.559999,20286900,16.559999
10/27/2011,16.559999,16.700001,16.450001,16.629999,19772200,16.629999
10/26/2011,16.33,16.440001,15.86,16.299999,23630100,16.299999
10/25/2011,16.66,16.700001,16.18,16.24,24059700,16.24
10/24/2011,16.57,16.75,16.309999,16.709999,29864000,16.709999
10/21/2011,16.379999,16.389999,16.059999,16.120001,29739400,16.120001
10/20/2011,16.200001,16.49,15.97,16.18,40816900,16.18
10/19/2011,16.040001,16.790001,15.73,15.94,54264500,15.94
10/18/2011,15.72,15.74,15.11,15.47,31377900,15.47
10/17/2011,15.95,16.040001,15.65,15.7,21204000,15.7
10/14/2011,16.129999,16.15,15.66,15.91,23520100,15.91
10/13/2011,15.76,16.370001,15.54,15.93,32487300,15.93
10/12/2011,15.93,15.95,15.67,15.77,20585400,15.77
10/11/2011,15.79,15.95,15.59,15.86,18050300,15.86
10/10/2011,15.86,16.040001,15.62,15.84,33085000,15.84
10/7/2011,15.64,15.75,15.38,15.47,27954000,15.47
10/6/2011,15.16,15.8,14.92,15.65,49961100,15.65
10/5/2011,14.66,16.15,14.39,15.92,97330200,15.92
10/4/2011,14,14.48,13.87,14.46,44487200,14.46
10/3/2011,13.7,14.04,13.37,13.53,43196300,13.53
9/30/2011,13.21,13.44,13.11,13.17,30232800,13.17
9/29/2011,14.34,14.39,13.15,13.42,45776600,13.42
9/28/2011,14.61,14.62,14.15,14.19,21284700,14.19
9/27/2011,14.92,15,14.44,14.54,25084400,14.54
9/26/2011,14.79,14.8,14.23,14.75,24466200,14.75
9/23/2011,14.23,14.83,14.12,14.71,49333200,14.71
9/22/2011,14.2,14.25,13.69,13.99,60456300,13.99
9/21/2011,14.38,14.6,13.96,13.96,32012800,13.96
9/20/2011,14.53,14.66,14.28,14.36,21767200,14.36
9/19/2011,14.76,14.79,14.4,14.61,27290100,14.61
9/16/2011,15.09,15.34,14.94,14.97,56827900,14.97
9/15/2011,14.73,15.4,14.51,14.89,58585100,14.89
9/14/2011,14.47,14.94,14.34,14.55,37385000,14.55
9/13/2011,14.3,14.34,14.12,14.26,19928800,14.26
9/12/2011,14.12,14.28,13.92,14.26,32692700,14.26
9/9/2011,14.36,14.57,14.07,14.48,60031900,14.48
9/8/2011,13.57,14.49,13.37,14.44,93972000,14.44
9/7/2011,13.75,14,13.24,13.61,77324200,13.61
9/6/2011,12.52,12.95,12.45,12.91,54455300,12.91
9/2/2011,13.12,13.13,12.86,12.87,20508600,12.87
9/1/2011,13.67,13.78,13.32,13.35,17962700,13.35
8/31/2011,13.91,13.94,13.54,13.61,25390700,13.61
8/30/2011,13.3,13.98,13.23,13.84,29162300,13.84
8/29/2011,12.9,13.68,12.69,13.68,30990800,13.68
8/26/2011,12.8,12.89,12.52,12.74,35882600,12.74
8/25/2011,13.12,13.21,12.81,12.87,21811800,12.87
8/24/2011,13.28,13.3,12.79,13.15,24967200,13.15
8/23/2011,12.91,13.35,12.75,13.35,17186500,13.35
8/22/2011,13.16,13.23,12.77,12.84,14199400,12.84
8/19/2011,12.75,13.08,12.72,12.92,26183900,12.92
8/18/2011,13.02,13.09,12.8,12.96,30447700,12.96
8/17/2011,13.49,13.62,13.32,13.47,17006500,13.47
8/16/2011,13.34,13.57,13.18,13.48,25581900,13.48
8/15/2011,13.63,13.69,13.27,13.47,25682800,13.47
8/12/2011,12.81,13.62,12.76,13.59,48472500,13.59
8/11/2011,11.89,12.92,11.88,12.86,51098800,12.86
8/10/2011,11.77,12.14,11.62,11.77,48027400,11.77
8/9/2011,11.3,12.09,11.25,12.09,47484100,12.09
8/8/2011,11.43,11.8,11.09,11.09,59577600,11.09
8/5/2011,12.08,12.12,11.41,11.74,47066200,11.74
8/4/2011,12.8,12.86,11.99,12,39442300,12
8/3/2011,12.77,13.07,12.53,13.02,26161900,13.02
8/2/2011,12.96,13.18,12.75,12.76,25800300,12.76
8/1/2011,13.24,13.34,12.95,13.1,26880000,13.1
7/29/2011,13.89,14.07,13.04,13.1,67798500,13.1
7/28/2011,13.6,13.71,13.43,13.5,20636500,13.5
7/27/2011,13.87,13.9,13.57,13.59,20559500,13.59
7/26/2011,13.7,13.99,13.65,13.94,20934200,13.94
7/25/2011,13.84,13.88,13.68,13.69,16725400,13.69
7/22/2011,13.65,14.05,13.57,13.98,30144800,13.98
7/21/2011,13.5,13.63,13.36,13.59,30487100,13.59
7/20/2011,14.15,14.15,13.45,13.48,63098400,13.48
7/19/2011,14.57,14.69,14.45,14.59,30168200,14.59
7/18/2011,14.68,14.69,14.37,14.42,24504800,14.42
7/15/2011,14.75,14.94,14.61,14.69,19745100,14.69
7/14/2011,14.88,14.99,14.6,14.63,27078600,14.63
7/13/2011,15.01,15.1,14.87,14.91,16646100,14.91
7/12/2011,15.01,15.18,14.85,14.86,22791100,14.86
7/11/2011,15.43,15.44,14.99,15.05,21486700,15.05
7/8/2011,15.62,15.69,15.44,15.61,14364900,15.61
7/7/2011,15.78,15.95,15.7,15.81,20991400,15.81
7/6/2011,15.53,15.81,15.52,15.72,18287200,15.72
7/5/2011,15.4,15.67,15.25,15.49,20481700,15.49
7/1/2011,15.08,15.5,15.02,15.45,16272500,15.45
6/30/2011,14.98,15.1,14.64,15.04,34905700,15.04
6/29/2011,14.96,15.05,14.68,14.89,25465200,14.89
6/28/2011,14.95,15.18,14.88,14.95,16056600,14.95
6/27/2011,14.87,14.98,14.77,14.88,13836300,14.88
6/24/2011,15.08,15.16,14.85,14.89,25340600,14.89
6/23/2011,15.08,15.09,14.72,15.08,32524700,15.08
6/22/2011,15.29,15.53,15.19,15.23,30154700,15.23
6/21/2011,15.03,15.38,14.91,15.35,17507800,15.35
6/20/2011,14.66,15.42,14.66,14.99,32646500,14.99
6/17/2011,14.98,14.98,14.56,14.7,22963400,14.7
6/16/2011,15.01,15.09,14.65,14.78,24446700,14.78
6/15/2011,15.01,15.05,14.5,14.81,41286100,14.81
6/14/2011,15.26,15.56,15.19,15.2,21994400,15.2
6/13/2011,15.2,15.34,15.1,15.16,14581200,15.16
6/10/2011,15.27,15.73,15.11,15.2,19452400,15.2
6/9/2011,15.18,15.33,14.94,15.22,18681900,15.22
6/8/2011,15.37,15.38,15.08,15.1,21986600,15.1
6/7/2011,15.54,15.65,15.32,15.45,16516100,15.45
6/6/2011,15.65,15.85,15.41,15.45,18200400,15.45
6/3/2011,15.82,16,15.63,15.68,22245200,15.68
6/2/2011,16,16.110001,15.87,16.02,21005000,16.02
6/1/2011,16.34,16.43,15.79,15.85,40295600,15.85
5/31/2011,16.17,16.59,16.120001,16.549999,30266600,16.549999
5/27/2011,16.030001,16.190001,15.95,16.02,20091200,16.02
5/26/2011,16.18,16.219999,15.88,15.98,23999500,15.98
5/25/2011,16.190001,16.99,16.1,16.15,34172600,16.15
5/24/2011,16.110001,16.41,16.049999,16.139999,23150600,16.139999
5/23/2011,16.049999,16.17,16,16.059999,19300000,16.059999
5/20/2011,16.32,16.440001,16.15,16.299999,23582700,16.299999
5/19/2011,16.049999,16.49,16.040001,16.35,40356400,16.35
5/18/2011,16.07,16.16,15.75,15.96,25880200,15.96
5/17/2011,15.88,16.07,15.73,16,31205200,16
5/16/2011,16.68,16.690001,15.63,15.81,62082200,15.81
5/13/2011,16.139999,16.84,15.96,16.549999,120057600,16.549999
5/12/2011,17.120001,17.809999,16.93,17.17,53000000,17.17
5/11/2011,18.450001,18.610001,16.74,17.200001,131200000,17.200001
5/10/2011,18.67,18.700001,18.42,18.549999,18475100,18.549999
5/9/2011,18.6,18.84,18.540001,18.559999,15595600,18.559999
5/6/2011,18.59,18.799999,18.379999,18.65,29690800,18.65
5/5/2011,18.120001,18.559999,18.049999,18.43,30800000,18.43
5/4/2011,17.99,18.379999,17.959999,18.200001,23584900,18.200001
5/3/2011,18.23,18.639999,17.879999,17.92,32600000,17.92
5/2/2011,17.790001,18.35,17.57,18.139999,44030600,18.139999
4/29/2011,17.459999,17.77,17.360001,17.700001,30800000,17.700001
4/28/2011,17.219999,17.530001,17.17,17.51,14400000,17.51
4/27/2011,17.299999,17.43,17.18,17.26,16642400,17.26
4/26/2011,17.110001,17.370001,17.02,17.280001,20000000,17.280001
4/25/2011,17.01,17.309999,16.9,17.110001,17771500,17.110001
4/21/2011,16.93,16.940001,16.74,16.85,13985200,16.85
4/20/2011,16.700001,17.23,16.59,16.870001,34310400,16.870001
4/19/2011,16.209999,16.360001,16.08,16.120001,31547400,16.120001
4/18/2011,16.35,16.440001,16.059999,16.35,21935700,16.35
4/15/2011,16.639999,16.780001,16.540001,16.620001,14756500,16.620001
4/14/2011,16.549999,16.82,16.43,16.690001,16595500,16.690001
4/13/2011,16.43,16.690001,16.43,16.639999,16700400,16.639999
4/12/2011,16.549999,16.639999,16.290001,16.360001,19783600,16.360001
4/11/2011,16.91,16.959999,16.370001,16.59,34841900,16.59
4/8/2011,17.08,17.110001,16.77,16.77,13114200,16.77
4/7/2011,16.91,17.1,16.790001,17,12778700,17
4/6/2011,17.17,17.200001,16.940001,17.049999,13298700,17.049999
4/5/2011,16.809999,17.290001,16.790001,17.110001,18464500,17.110001
4/4/2011,16.9,17.049999,16.809999,16.870001,9560800,16.870001
4/1/2011,16.83,16.98,16.719999,16.84,12487400,16.84
3/31/2011,16.709999,16.879999,16.65,16.68,15131500,16.68
3/30/2011,16.83,16.92,16.68,16.74,12944600,16.74
3/29/2011,16.6,16.780001,16.530001,16.75,10037900,16.75
3/28/2011,17.01,17.059999,16.58,16.58,16066700,16.58
3/25/2011,16.940001,17.049999,16.700001,16.959999,21047200,16.959999
3/24/2011,16.190001,16.91,16.17,16.83,20120300,16.83
3/23/2011,16.299999,16.34,15.98,16.129999,30842500,16.129999
3/22/2011,16.290001,16.48,16.16,16.360001,30692400,16.360001
3/21/2011,16.18,16.5,16.16,16.290001,20613700,16.290001
3/18/2011,16.1,16.190001,16.01,16.030001,26660400,16.030001
3/17/2011,16.16,16.42,15.81,15.86,37548800,15.86
3/16/2011,16.33,16.48,15.85,15.91,38378500,15.91
3/15/2011,16.66,16.68,16.040001,16.33,51489300,16.33
3/14/2011,17.24,17.440001,17.09,17.309999,21615500,17.309999
3/11/2011,17,17.540001,17,17.42,19454900,17.42
3/10/2011,17.299999,17.389999,16.93,17.059999,25659700,17.059999
3/9/2011,16.889999,17.700001,16.85,17.65,33798000,17.65
3/8/2011,16.74,17.02,16.719999,16.940001,12717200,16.940001
3/7/2011,17.07,17.15,16.49,16.700001,18770800,16.700001
3/4/2011,16.75,17.200001,16.719999,17.08,20274200,17.08
3/3/2011,16.85,17.049999,16.76,16.860001,35202100,16.860001
3/2/2011,16.65,16.85,16.6,16.629999,24521100,16.629999
3/1/2011,16.459999,16.49,16.08,16.1,16702800,16.1
2/28/2011,16.370001,16.6,16.280001,16.4,20210300,16.4
2/25/2011,16.389999,16.77,16.379999,16.5,16939600,16.5
2/24/2011,16.66,16.73,16.040001,16.370001,31570400,16.370001
2/23/2011,17.030001,17.1,16.35,16.58,35225100,16.58
2/22/2011,17.08,17.389999,16.870001,16.91,34759500,16.91
2/18/2011,17.690001,17.84,17.57,17.66,13729900,17.66
2/17/2011,17.75,17.82,17.5,17.77,23566600,17.77
2/16/2011,17.23,17.82,17.209999,17.76,41824100,17.76
2/15/2011,16.799999,17.389999,16.780001,17.200001,31395200,17.200001
2/14/2011,16.84,16.93,16.719999,16.889999,14503000,16.889999
2/11/2011,16.58,16.870001,16.540001,16.85,15386300,16.85
2/10/2011,16.389999,16.719999,16.35,16.620001,15430500,16.620001
2/9/2011,16.540001,16.700001,16.35,16.43,17778700,16.43
2/8/2011,16.83,16.85,16.48,16.6,17932000,16.6
2/7/2011,16.809999,17,16.77,16.799999,16046500,16.799999
2/4/2011,16.74,16.91,16.450001,16.790001,19127900,16.790001
2/3/2011,16.48,16.91,16.4,16.690001,33314600,16.690001
2/2/2011,16.25,16.66,16.25,16.57,21106800,16.57
2/1/2011,16.33,16.459999,16.23,16.379999,26938900,16.379999
1/31/2011,15.82,16.200001,15.79,16.120001,22911400,16.120001
1/28/2011,16.15,16.209999,15.68,15.83,24734000,15.83
1/27/2011,15.58,16.360001,15.58,16.200001,39067000,16.200001
1/26/2011,15.93,16.049999,15.41,15.57,49690800,15.57
1/25/2011,16.17,16.190001,15.85,16.02,26673100,16.02
1/24/2011,16,16.24,15.76,16.09,23375300,16.09
1/21/2011,16.27,16.309999,15.93,15.97,23366200,15.97
1/20/2011,16.290001,16.33,16.09,16.23,14622700,16.23
1/19/2011,16.49,16.549999,16.23,16.309999,17130000,16.309999
1/18/2011,16.620001,16.68,16.42,16.5,21392500,16.5
1/14/2011,16.67,16.83,16.6,16.809999,13593500,16.809999
1/13/2011,16.639999,16.92,16.57,16.75,15961000,16.75
1/12/2011,16.709999,16.809999,16.59,16.65,15066200,16.65
1/11/2011,16.700001,16.73,16.530001,16.58,14615700,16.58
1/10/2011,16.780001,16.799999,16.5,16.6,16176700,16.6
1/7/2011,17.030001,17.17,16.65,16.9,19869500,16.9
1/6/2011,16.9,17.34,16.77,17.059999,30656800,17.059999
1/5/2011,16.549999,16.91,16.34,16.91,23447700,16.91
1/4/2011,16.709999,16.83,16.57,16.59,11092800,16.59
1/3/2011,16.809999,16.940001,16.67,16.75,17684000,16.75
12/31/2010,16.74,16.76,16.469999,16.629999,7754500,16.629999
12/30/2010,16.6,16.77,16.52,16.76,8318900,16.76
12/29/2010,16.5,16.77,16.43,16.610001,7668600,16.610001
12/28/2010,16.469999,16.540001,16.33,16.43,8389100,16.43
12/27/2010,16.620001,16.629999,16.4,16.48,7492300,16.48
12/23/2010,16.559999,16.73,16.450001,16.719999,8889200,16.719999
12/22/2010,16.67,16.780001,16.559999,16.629999,6767500,16.629999
12/21/2010,16.309999,16.68,16.200001,16.6,11394700,16.6
12/20/2010,16.379999,16.42,16.15,16.280001,17566400,16.280001
12/17/2010,16.51,16.66,16.32,16.379999,24896100,16.379999
12/16/2010,16.450001,16.700001,16.440001,16.51,12940500,16.51
12/15/2010,16.549999,16.73,16.42,16.450001,10944200,16.450001
12/14/2010,16.77,16.84,16.57,16.629999,11429500,16.629999
12/13/2010,16.9,16.99,16.690001,16.700001,12755400,16.700001
12/10/2010,16.969999,17.049999,16.91,17.01,8985300,17.01
12/9/2010,17.120001,17.190001,16.799999,16.950001,8673300,16.950001
12/8/2010,17.01,17.219999,16.959999,17.02,21773300,17.02
12/7/2010,16.5,17.07,16.5,16.940001,29056400,16.940001
12/6/2010,16.469999,16.6,16.299999,16.33,12063800,16.33
12/3/2010,16.27,16.370001,16.200001,16.35,9228000,16.35
12/2/2010,16.200001,16.41,16.120001,16.33,13167300,16.33
12/1/2010,16,16.4,16,16.15,17435900,16.15
11/30/2010,16.200001,16.34,15.77,15.82,24981100,15.82
11/29/2010,16.1,16.450001,15.95,16.379999,14653000,16.379999
11/26/2010,16.25,16.4,16.219999,16.219999,4953900,16.219999
11/24/2010,16.309999,16.48,16.15,16.41,11561700,16.41
11/23/2010,16.34,16.43,16.040001,16.190001,22437900,16.190001
11/22/2010,16.43,16.65,16.25,16.559999,14316900,16.559999
11/19/2010,16.969999,16.969999,16.52,16.57,24036200,16.57
11/18/2010,16.4,17.17,16.290001,16.99,46500100,16.99
11/17/2010,16.209999,16.33,16.110001,16.15,10305800,16.15
11/16/2010,16.450001,16.49,16.1,16.24,23484100,16.24
11/15/2010,16.559999,16.889999,16.33,16.6,18934600,16.6
11/12/2010,16.65,16.75,16.4,16.549999,17703400,16.549999
11/11/2010,16.629999,16.860001,16.52,16.799999,15310600,16.799999
11/10/2010,17,17.01,16.75,16.940001,17012600,16.940001
11/9/2010,17.219999,17.6,16.860001,16.969999,56218900,16.969999
11/8/2010,16.290001,16.5,16.25,16.440001,15561500,16.440001
11/5/2010,16.18,16.4,16.18,16.27,13414000,16.27
11/4/2010,16.309999,16.35,16.02,16.200001,26484700,16.200001
11/3/2010,16.209999,16.23,16.01,16.17,17325500,16.17
11/2/2010,16.290001,16.4,16.18,16.190001,9964700,16.190001
11/1/2010,16.5,16.52,16.08,16.15,14360600,16.15
10/29/2010,16.370001,16.52,16.33,16.49,16013700,16.49
10/28/2010,16.450001,16.450001,16.309999,16.4,12689500,16.4
10/27/2010,16.4,16.43,16.200001,16.42,13764400,16.42
10/26/2010,16.219999,16.48,16.200001,16.459999,22349000,16.459999
10/25/2010,16.299999,16.440001,16.15,16.4,17251500,16.4
10/22/2010,15.9,16.41,15.86,16.309999,24264100,16.309999
10/21/2010,15.9,16,15.73,15.97,26935500,15.97
10/20/2010,15.79,16.25,15.79,15.8,37790200,15.8
10/19/2010,15.73,15.8,15.37,15.49,32678600,15.49
10/18/2010,16.200001,16.280001,15.75,15.93,35876500,15.93
10/15/2010,16.17,16.73,15.9,16.25,58481800,16.25
10/14/2010,16.75,16.76,15.75,15.93,123449900,15.93
10/13/2010,14.57,15.48,14.5,15.25,50773400,15.25
10/12/2010,14.36,14.47,14.27,14.43,12465700,14.43
10/11/2010,14.45,14.58,14.38,14.41,8348200,14.41
10/8/2010,14.21,14.56,14.18,14.49,16102900,14.49
10/7/2010,14.6,14.61,14.14,14.23,18068600,14.23
10/6/2010,14.6,14.7,14.34,14.52,20297000,14.52
10/5/2010,14.45,14.77,14.4,14.61,23988400,14.61
10/4/2010,14.2,14.32,14.13,14.28,20557500,14.28
10/1/2010,14.19,14.35,14.13,14.27,16096500,14.27
9/30/2010,14.26,14.35,13.99,14.17,20376200,14.17
9/29/2010,14.36,14.39,14.06,14.34,24475700,14.34
9/28/2010,14.33,14.45,14.14,14.39,16074100,14.39
9/27/2010,14.46,14.53,14.25,14.28,20674000,14.28
9/24/2010,14.3,14.51,14.24,14.5,24154800,14.5
9/23/2010,13.93,14.24,13.93,14.17,16931600,14.17
9/22/2010,14.19,14.25,13.97,14.04,18567400,14.04
9/21/2010,13.94,14.26,13.92,14.18,32048400,14.18
9/20/2010,13.95,14.06,13.84,13.86,26234600,13.86
9/17/2010,14.33,14.33,13.88,13.89,79565400,13.89
9/16/2010,14.2,14.23,13.98,14.19,27281500,14.19
9/15/2010,14.03,14.35,13.77,14.27,90035400,14.27
9/14/2010,13.76,13.76,13.6,13.63,23064500,13.63
9/13/2010,13.83,13.88,13.61,13.73,24261400,13.73
9/10/2010,13.68,13.77,13.54,13.68,18590100,13.68
9/9/2010,13.88,13.92,13.57,13.65,17735500,13.65
9/8/2010,13.66,13.82,13.62,13.75,12102700,13.75
9/7/2010,13.56,13.62,13.5,13.53,10240600,13.53
9/3/2010,13.69,13.75,13.56,13.62,12478500,13.62
9/2/2010,13.33,13.55,13.26,13.51,18190200,13.51
9/1/2010,13.2,13.41,13.13,13.37,24616700,13.37
8/31/2010,13.11,13.14,12.94,13.11,16489500,13.11
8/30/2010,13.27,13.42,13.18,13.18,7120900,13.18
8/27/2010,13.24,13.47,13.03,13.43,12705600,13.43
8/26/2010,13.36,13.4,13.21,13.21,14602700,13.21
8/25/2010,13.29,13.37,13.14,13.26,15556800,13.26
8/24/2010,13.53,13.64,13.39,13.4,13425800,13.4
8/23/2010,13.81,13.87,13.54,13.65,12297600,13.65
8/20/2010,13.85,13.95,13.74,13.79,17192200,13.79
8/19/2010,13.85,14,13.8,13.85,14100700,13.85
8/18/2010,13.98,14.05,13.84,13.99,15533300,13.99
8/17/2010,13.84,14,13.75,13.94,13298600,13.94
8/16/2010,13.75,13.9,13.68,13.79,11416400,13.79
8/13/2010,13.81,13.96,13.76,13.83,7845600,13.83
8/12/2010,13.77,13.99,13.75,13.85,11659900,13.85
8/11/2010,14.14,14.2,13.84,13.87,13235500,13.87
8/10/2010,14.26,14.46,14.2,14.35,9658000,14.35
8/9/2010,14.34,14.52,14.34,14.4,12202600,14.4
8/6/2010,14.06,14.38,14,14.34,13394800,14.34
8/5/2010,14.16,14.25,14.02,14.16,13072700,14.16
8/4/2010,14,14.2,13.92,14.18,14297200,14.18
8/3/2010,13.95,14.07,13.91,13.94,14098600,13.94
8/2/2010,14.01,14.08,13.96,14,14167200,14
7/30/2010,13.69,13.98,13.68,13.88,18380400,13.88
7/29/2010,13.9,13.96,13.75,13.76,16703000,13.76
7/28/2010,13.91,13.99,13.85,13.87,13522600,13.87
7/27/2010,14.07,14.1,13.89,13.95,20971000,13.95
7/26/2010,13.96,14.22,13.95,14.15,23247800,14.15
7/23/2010,13.78,14.04,13.52,13.99,34318400,13.99
7/22/2010,13.89,14.17,13.81,13.88,42677600,13.88
7/21/2010,14.27,14.28,13.75,13.91,78035800,13.91
7/20/2010,14.99,15.28,14.8,15.2,29578300,15.2
7/19/2010,15.23,15.38,15.02,15.1,16168200,15.1
7/16/2010,15.33,15.37,13.86,14.9,16829800,14.9
7/15/2010,15.31,15.39,15.04,15.37,12626600,15.37
7/14/2010,15.32,15.42,15.2,15.37,12255700,15.37
7/13/2010,15.06,15.6,14.99,15.52,22328800,15.52
7/12/2010,14.93,15.21,14.78,14.94,15585900,14.94
7/9/2010,14.6,14.93,14.59,14.89,12682000,14.89
7/8/2010,14.43,14.77,14.4,14.6,17088700,14.6
7/7/2010,14.18,14.42,14.12,14.4,17417900,14.4
7/6/2010,14.23,14.46,14,14.13,17334100,14.13
7/2/2010,14.08,14.24,14.03,14.07,18564400,14.07
7/1/2010,13.99,14.15,13.75,14.09,33222500,14.09
6/30/2010,13.95,14.22,13.79,13.84,23912900,13.84
6/29/2010,14.53,14.54,13.88,14.04,31825900,14.04
6/28/2010,14.83,14.86,14.58,14.73,8175400,14.73
6/25/2010,14.86,14.92,14.57,14.81,29817600,14.81
6/24/2010,15.11,15.19,14.7,14.83,18287700,14.83
6/23/2010,15.14,15.39,14.95,15.23,13374000,15.23
6/22/2010,15.24,15.51,15.07,15.09,22418100,15.09
6/21/2010,15.71,15.84,15.09,15.21,20412800,15.21
6/18/2010,15.66,15.67,15.47,15.54,12767100,15.54
6/17/2010,15.72,15.72,15.44,15.6,10769300,15.6
6/16/2010,15.58,15.65,15.34,15.49,15920300,15.49
6/15/2010,15.29,15.69,15.23,15.65,13888300,15.65
6/14/2010,15.46,15.49,15.15,15.17,12493100,15.17
6/11/2010,15.02,15.35,14.98,15.29,14056600,15.29
6/10/2010,14.94,15.14,14.87,15.1,21249100,15.1
6/9/2010,14.93,15.06,14.65,14.69,18108600,14.69
6/8/2010,15.05,15.12,14.62,14.79,35500700,14.79
6/7/2010,15.19,15.36,14.94,14.94,19153200,14.94
6/4/2010,15.12,15.38,14.96,15,23606400,15
6/3/2010,15.32,15.5,15.16,15.43,28395100,15.43
6/2/2010,15.04,15.2,14.96,15.18,24993000,15.18
6/1/2010,15.31,15.55,14.98,15.02,30475500,15.02
5/28/2010,15.61,15.69,15,15.34,17619700,15.34
5/27/2010,15.83,15.84,15.36,15.69,31091700,15.69
5/26/2010,15.6,15.83,15.43,15.45,33656000,15.45
5/25/2010,15.04,15.31,14.89,15.31,27856300,15.31
5/24/2010,15.42,15.79,15.36,15.54,20116800,15.54
5/21/2010,14.81,15.9,14.63,15.48,31215300,15.48
5/20/2010,15.45,15.49,15.06,15.1,33789000,15.1
5/19/2010,15.83,16,15.51,15.79,20485400,15.79
5/18/2010,16.27,16.440001,15.95,16.030001,16182200,16.030001
5/17/2010,16.41,16.469999,15.96,16.27,21935000,16.27
5/14/2010,16.51,16.66,16.139999,16.389999,28111400,16.389999
5/13/2010,16.49,16.5,16.08,16.139999,15363800,16.139999
5/12/2010,16.450001,16.5,16.33,16.469999,16405900,16.469999
5/11/2010,15.95,16.639999,15.91,16.41,27786500,16.41
5/10/2010,16.040001,16.83,16,16.33,28103500,16.33
5/7/2010,15.77,15.95,15.25,15.29,43941000,15.29
5/6/2010,16.34,16.51,15.43,15.92,32125800,15.92
5/5/2010,16.17,16.700001,16.110001,16.49,23004200,16.49
5/4/2010,16.629999,16.9,16.25,16.32,31375300,16.32
5/3/2010,16.68,16.99,16.559999,16.950001,18162400,16.950001
4/30/2010,17.110001,17.129999,16.530001,16.530001,19688200,16.530001
4/29/2010,16.82,17.049999,16.780001,16.969999,16788100,16.969999
4/28/2010,16.98,17,16.629999,16.75,26452500,16.75
4/27/2010,17.280001,17.360001,16.879999,16.92,22851000,16.92
4/26/2010,17.690001,17.719999,17.34,17.389999,17363800,17.389999
4/23/2010,17.709999,17.83,17.5,17.639999,18901000,17.639999
4/22/2010,17.370001,17.780001,17.15,17.719999,36231400,17.719999
4/21/2010,17.58,17.780001,17.299999,17.450001,71686200,17.450001
4/20/2010,18.5,18.530001,18.23,18.379999,39171900,18.379999
4/19/2010,18.01,18.4,17.99,18.389999,26971800,18.389999
4/16/2010,18.67,18.68,17.959999,18.17,51424700,18.17
4/15/2010,18.299999,19.120001,18.129999,18.969999,60024700,18.969999
4/14/2010,18.15,18.469999,18.059999,18.379999,41024800,18.379999
4/13/2010,17.51,18.299999,17.4,18.18,47514500,18.18
4/12/2010,17.52,17.879999,17.41,17.639999,22828900,17.639999
4/9/2010,17.42,18.07,17.25,17.52,47732000,17.52
4/8/2010,16.91,17.41,16.9,17.35,45369200,17.35
4/7/2010,16.780001,16.92,16.76,16.870001,19921000,16.870001
4/6/2010,16.549999,16.98,16.42,16.92,25696700,16.92
4/5/2010,16.389999,16.559999,16.299999,16.51,9220200,16.51
4/1/2010,16.58,16.6,16.219999,16.290001,20103800,16.290001
3/31/2010,16.450001,16.58,16.42,16.530001,11996900,16.530001
3/30/2010,16.549999,16.690001,16.389999,16.610001,16204100,16.610001
3/29/2010,16.48,16.68,16.469999,16.559999,14902800,16.559999
3/26/2010,16.34,16.57,16.309999,16.540001,23224900,16.540001
3/25/2010,16.17,16.59,16.139999,16.32,27487400,16.32
3/24/2010,16.1,16.200001,15.92,16.09,32654500,16.09
3/23/2010,16.34,16.34,15.97,16.030001,31875700,16.030001
3/22/2010,16.370001,16.540001,16.32,16.34,18743500,16.34
3/19/2010,16.620001,16.809999,16.34,16.440001,17871000,16.440001
3/18/2010,16.459999,16.57,16.32,16.559999,12626200,16.559999
3/17/2010,16.280001,16.629999,16.280001,16.5,13754600,16.5
3/16/2010,16.469999,16.59,16.23,16.360001,18309900,16.360001
3/15/2010,16.35,16.639999,16.280001,16.459999,18967700,16.459999
3/12/2010,16.51,16.59,16.26,16.32,23106400,16.32
3/11/2010,16.57,16.65,16.1,16.530001,21732900,16.530001
3/10/2010,16.51,16.940001,16.51,16.790001,33088600,16.790001
3/9/2010,16.41,16.719999,16.4,16.530001,20755200,16.530001
3/8/2010,16.32,16.610001,16.299999,16.52,30554000,16.52
3/5/2010,15.89,16.379999,15.89,16.059999,21415000,16.059999
3/4/2010,15.55,15.85,15.52,15.81,22906000,15.81
3/3/2010,15.85,15.85,15.55,15.57,20613800,15.57
3/2/2010,15.87,15.96,15.67,15.73,20101800,15.73
3/1/2010,15.43,15.83,15.4,15.79,17238000,15.79
2/26/2010,15.27,15.41,15.16,15.31,14975600,15.31
2/25/2010,15.32,15.35,15.13,15.24,20126900,15.24
2/24/2010,15.48,15.71,15.33,15.59,19284200,15.59
2/23/2010,15.45,15.51,15.14,15.38,18346700,15.38
2/22/2010,15.61,15.68,15.44,15.49,10463500,15.49
2/19/2010,15.49,15.71,15.33,15.58,15407900,15.58
2/18/2010,15.4,15.6,15.32,15.54,13700100,15.54
2/17/2010,15.5,15.52,15.32,15.44,12731900,15.44
2/16/2010,15.23,15.48,15.18,15.41,21447200,15.41
2/12/2010,15.07,15.19,14.85,15.17,18926400,15.17
2/11/2010,14.87,15.25,14.77,15.22,24509500,15.22
2/10/2010,15.02,15.02,14.48,14.8,36518100,14.8
2/9/2010,15.2,15.24,14.94,15.07,16716900,15.07
2/8/2010,15.18,15.47,14.95,14.99,19856400,14.99
2/5/2010,15.01,15.25,14.92,15.19,20713800,15.19
2/4/2010,15.34,15.52,14.99,15.01,27668100,15.01
2/3/2010,15.12,15.6,15.12,15.46,24730600,15.46
2/2/2010,15.1,15.32,15.03,15.17,27555200,15.17
2/1/2010,15.14,15.3,14.87,15.05,29865700,15.05
1/29/2010,15.51,15.67,14.9,15.01,39664600,15.01
1/28/2010,15.93,15.96,15.44,15.44,30159500,15.44
1/27/2010,16.459999,16.49,15.77,15.98,41701000,15.98
1/26/2010,15.82,16.17,15.7,15.99,43979400,15.99
1/25/2010,16.07,16.110001,15.74,15.86,19683700,15.86
1/22/2010,16.08,16.209999,15.81,15.88,25132800,15.88
1/21/2010,16.389999,16.58,16.1,16.200001,21858400,16.200001
1/20/2010,16.65,16.68,16.25,16.379999,14419500,16.379999
1/19/2010,16.780001,16.959999,16.639999,16.75,15182600,16.75
1/15/2010,17.25,17.25,16.75,16.82,18415000,16.82
1/14/2010,16.809999,17.23,16.799999,17.120001,16715600,17.120001
1/13/2010,16.879999,16.98,16.65,16.9,16955600,16.9
1/12/2010,16.65,16.860001,16.6,16.68,15672400,16.68
1/11/2010,16.77,16.83,16.48,16.74,16181900,16.74
1/8/2010,16.68,16.76,16.620001,16.700001,15470000,16.700001
1/7/2010,16.809999,16.9,16.57,16.700001,31816300,16.700001
1/6/2010,17.17,17.299999,17.07,17.17,16422000,17.17
1/5/2010,17.219999,17.23,17,17.23,11718100,17.23
1/4/2010,16.940001,17.200001,16.879999,17.1,16587400,17.1
12/31/2009,16.92,16.959999,16.77,16.780001,9515600,16.780001
12/30/2009,16.83,16.99,16.809999,16.98,8188000,16.98
12/29/2009,16.84,16.969999,16.68,16.92,13450200,16.92
12/28/2009,16.74,16.940001,16.68,16.879999,11504300,16.879999
12/24/2009,16.690001,16.75,16.65,16.719999,4736600,16.719999
12/23/2009,16.35,16.700001,16,16.67,23584100,16.67
12/22/2009,15.88,16.08,15.82,15.98,10631600,15.98
12/21/2009,16.110001,16.17,15.85,15.88,17806100,15.88
12/18/2009,15.94,16.139999,15.78,16.139999,30021100,16.139999
12/17/2009,15.72,15.96,15.64,15.82,26156700,15.82
12/16/2009,15.57,15.82,15.47,15.79,20637500,15.79
12/15/2009,15.77,15.88,15.65,15.74,13272900,15.74
12/14/2009,15.9,15.97,15.64,15.81,18086300,15.81
12/11/2009,15.85,15.9,15.62,15.74,22607500,15.74
12/10/2009,15.34,15.57,15.24,15.49,18743000,15.49
12/9/2009,15.52,15.54,15.12,15.18,25396900,15.18
12/8/2009,15.45,15.9,15.23,15.45,31160600,15.45
12/7/2009,15.36,15.65,15.32,15.45,18035200,15.45
12/4/2009,15.32,15.38,15,15.19,17576000,15.19
12/3/2009,15.33,15.38,15.1,15.11,17196200,15.11
12/2/2009,15.17,15.5,15.16,15.31,17807800,15.31
12/1/2009,15.03,15.19,14.85,15.13,17096500,15.13
11/30/2009,14.9,15.1,14.8,14.97,17587000,14.97
11/27/2009,15.04,15.09,14.88,15,11452900,15
11/25/2009,15.29,15.35,15.17,15.3,21370600,15.3
11/24/2009,15.38,15.49,15.2,15.24,19774000,15.24
11/23/2009,15.58,15.65,15.34,15.45,24501400,15.45
11/20/2009,15.6,15.74,15.36,15.38,16127300,15.38
11/19/2009,15.83,15.85,15.52,15.61,26891000,15.61
11/18/2009,16.02,16.129999,15.84,15.98,12775400,15.98
11/17/2009,15.89,16.110001,15.73,16.049999,22249500,16.049999
11/16/2009,16.08,16.190001,15.92,16.07,26125200,16.07
11/13/2009,16.040001,16.1,15.92,15.93,26453800,15.93
11/12/2009,16.1,16.280001,15.97,16,10210100,16
11/11/2009,16,16.16,15.92,16.09,16346100,16.09
11/10/2009,16.08,16.360001,16.01,16.040001,24097400,16.040001
11/9/2009,16.129999,16.190001,15.97,16.02,14831900,16.02
11/6/2009,15.89,16.030001,15.76,15.94,13562500,15.94
11/5/2009,15.8,16,15.74,15.9,27732500,15.9
11/4/2009,15.9,15.9,15.66,15.69,18697100,15.69
11/3/2009,15.71,15.79,15.63,15.7,17240200,15.7
11/2/2009,15.75,15.9,15.59,15.85,15258200,15.85
10/30/2009,16.059999,16.370001,15.8,15.9,22321700,15.9
10/29/2009,16.190001,16.379999,15.74,16.129999,39146700,16.129999
10/28/2009,16.690001,16.77,16.02,16.040001,25044800,16.040001
10/27/2009,16.690001,16.870001,16.35,16.690001,19917800,16.690001
10/26/2009,17.049999,17.200001,16.67,16.870001,21213100,16.870001
10/23/2009,17.709999,17.75,17.09,17.219999,17760400,17.219999
10/22/2009,17.540001,17.75,17.299999,17.67,16018100,17.67
10/21/2009,17.98,18.02,17.57,17.66,46204500,17.66
10/20/2009,17.370001,17.41,16.870001,17.17,38320400,17.17
10/19/2009,16.799999,17.290001,16.700001,17.219999,17878000,17.219999
10/16/2009,16.610001,16.85,16.4,16.809999,20479000,16.809999
10/15/2009,16.84,16.889999,16.459999,16.52,24337300,16.52
10/14/2009,16.93,17.030001,16.82,16.950001,17508000,16.950001
10/13/2009,16.950001,17,16.809999,16.879999,19492500,16.879999
10/12/2009,16.959999,17.110001,16.66,16.75,16904700,16.75
10/9/2009,17.43,17.48,16.84,16.870001,29015700,16.870001
10/8/2009,17.629999,17.860001,17.540001,17.58,27966900,17.58
10/7/2009,17.219999,17.49,17.15,17.49,12456700,17.49
10/6/2009,16.959999,17.35,16.950001,17.299999,21427600,17.299999
10/5/2009,16.85,17.129999,16.66,16.799999,22224900,16.799999
10/2/2009,17.23,17.35,16.780001,16.84,32685300,16.84
10/1/2009,17.65,17.719999,17.200001,17.389999,24871600,17.389999
9/30/2009,17.48,17.940001,17.24,17.809999,39878200,17.809999
9/29/2009,17.5,17.66,17.209999,17.450001,31600100,17.450001
9/28/2009,16.98,17.469999,16.950001,17.469999,26412200,17.469999
9/25/2009,16.799999,17.15,16.75,17.08,20701400,17.08
9/24/2009,17.309999,17.32,16.65,16.889999,26493700,16.889999
9/23/2009,17.1,17.6,16.969999,17.209999,36814300,17.209999
9/22/2009,17.17,17.219999,16.75,16.860001,30588800,16.860001
9/21/2009,17.23,17.23,16.959999,17.040001,26826900,17.040001
9/18/2009,17.700001,17.700001,16.85,17.389999,86402600,17.389999
9/17/2009,17,17.790001,16.959999,17.5,62010000,17.5
9/16/2009,16.57,17.110001,16.52,16.99,53594700,16.99
9/15/2009,16.01,16.49,15.87,16.41,64668200,16.41
9/14/2009,15.45,15.58,15.28,15.57,19451200,15.57
9/11/2009,15.53,15.68,15.41,15.59,26860700,15.59
9/10/2009,15.28,15.63,15.15,15.45,49083300,15.45
9/9/2009,14.45,14.86,14.42,14.78,19096300,14.78
9/8/2009,14.65,14.66,14.37,14.49,17712200,14.49
9/4/2009,14.26,14.64,14.23,14.5,17003900,14.5
9/3/2009,14.36,14.43,14.16,14.28,14661900,14.28
9/2/2009,14.08,14.33,13.97,14.23,23591500,14.23
9/1/2009,14.5,14.68,14.15,14.18,30615300,14.18
8/31/2009,14.74,14.8,14.56,14.61,15420500,14.61
8/28/2009,14.98,15.08,14.8,14.85,33918200,14.85
8/27/2009,14.92,15,14.71,14.93,30411000,14.93
8/26/2009,15.09,15.14,14.86,14.93,15845300,14.93
8/25/2009,15.12,15.21,14.94,15.07,22850600,15.07
8/24/2009,14.89,15.19,14.83,14.99,26171000,14.99
8/21/2009,14.88,14.96,14.73,14.79,23537700,14.79
8/20/2009,14.75,14.9,14.7,14.77,15579900,14.77
8/19/2009,14.58,14.91,14.55,14.79,15501500,14.79
8/18/2009,14.64,14.78,14.56,14.75,14797300,14.75
8/17/2009,14.69,14.78,14.51,14.56,29268300,14.56
8/14/2009,14.98,15.14,14.85,15.04,28817100,15.04
8/13/2009,14.74,15.07,14.61,15.04,40193000,15.04
8/12/2009,14.47,14.76,14.41,14.68,24256200,14.68
8/11/2009,14.54,14.65,14.33,14.46,17823200,14.46
8/10/2009,14.66,14.68,14.49,14.63,18350900,14.63
8/7/2009,14.86,14.9,14.56,14.62,28261000,14.62
8/6/2009,14.76,14.86,14.63,14.74,35659500,14.74
8/5/2009,14.76,14.91,14.61,14.67,50910100,14.67
8/4/2009,14.44,14.68,14.37,14.51,43084800,14.51
8/3/2009,14.56,14.62,14.3,14.34,43976900,14.34
7/31/2009,14.72,14.89,14.29,14.32,62659900,14.32
7/30/2009,15.13,15.14,14.24,14.6,100889000,14.6
7/29/2009,16,16.200001,15.05,15.14,126807700,15.14
7/28/2009,16.969999,17.49,16.52,17.219999,36152600,17.219999
7/27/2009,17.370001,17.48,16.85,17,19951800,17
7/24/2009,17.43,17.59,17.02,17.48,19944700,17.48
7/23/2009,17.41,17.68,17.16,17.360001,37524900,17.360001
7/22/2009,16.190001,17.48,16.120001,17.370001,53615500,17.370001
7/21/2009,17.049999,17.110001,16.440001,16.75,33601800,16.75
7/20/2009,17.18,17.43,16.65,17.01,27760800,17.01
7/17/2009,16.75,16.91,16.450001,16.84,32514700,16.84
7/16/2009,15.8,16.25,15.78,16.190001,21919500,16.190001
7/15/2009,15.23,15.74,15.15,15.71,18813600,15.71
7/14/2009,15.07,15.22,14.98,15.18,13039500,15.18
7/13/2009,14.95,15.06,14.64,15.01,13174400,15.01
7/10/2009,14.78,15.18,14.75,14.93,23061200,14.93
7/9/2009,14.48,14.68,14.25,14.55,15598200,14.55
7/8/2009,14.44,14.69,14.22,14.38,15352700,14.38
7/7/2009,14.92,14.93,14.36,14.44,22021700,14.44
7/6/2009,14.83,14.93,14.55,14.91,13690700,14.91
7/2/2009,15.24,15.28,14.88,14.99,16919900,14.99
7/1/2009,15.49,15.69,15.35,15.41,12716100,15.41
6/30/2009,15.85,15.9,15.35,15.66,16033900,15.66
6/29/2009,15.86,16.01,15.6,15.9,12324000,15.9
6/26/2009,15.6,15.8,15.48,15.74,26449100,15.74
6/25/2009,15.44,15.67,15.25,15.53,19827800,15.53
6/24/2009,14.76,15.6,14.76,15.45,30979700,15.45
6/23/2009,14.75,14.9,14.55,14.68,15866300,14.68
6/22/2009,15.55,15.61,14.71,14.71,26488700,14.71
6/19/2009,15.5,15.84,15.4,15.8,20323100,15.8
6/18/2009,15.62,15.64,15.23,15.34,16185400,15.34
6/17/2009,15.91,16.030001,15.46,15.6,16521300,15.6
6/16/2009,16.33,16.379999,15.9,15.96,15116000,15.96
6/15/2009,16.559999,16.68,16.129999,16.4,23251700,16.4
6/12/2009,16.17,16.469999,16.1,16.4,16962900,16.4
6/11/2009,16.26,16.459999,16.15,16.190001,15042300,16.190001
6/10/2009,16.700001,16.719999,16.1,16.32,15771200,16.32
6/9/2009,16.23,16.5,16.18,16.4,13083200,16.4
6/8/2009,16.469999,16.49,16.040001,16.190001,13692600,16.190001
6/5/2009,16.77,16.99,16.299999,16.639999,17311400,16.639999
6/4/2009,16.4,16.709999,16.040001,16.65,19001400,16.65
6/3/2009,16.5,16.5,15.67,16.299999,26358100,16.299999
6/2/2009,16.6,16.75,16.25,16.620001,15286700,16.620001
6/1/2009,16.17,16.65,16.129999,16.58,27926100,16.58
5/29/2009,15.19,15.84,15.11,15.84,29557500,15.84
5/28/2009,15.09,15.24,14.69,15.09,19131600,15.09
5/27/2009,15.27,15.53,14.88,14.94,18977400,14.94
5/26/2009,14.68,15.44,14.67,15.28,19953000,15.28
5/22/2009,14.89,15.17,14.75,14.98,19150500,14.98
5/21/2009,14.92,15.12,14.62,14.87,15186800,14.87
5/20/2009,15.08,15.31,14.8,14.96,15781600,14.96
5/19/2009,15.06,15.34,15.02,15.18,13676000,15.18
5/18/2009,15.1,15.18,14.74,15.17,18629500,15.17
5/15/2009,15,15.1,14.86,14.91,22525900,14.91
5/14/2009,14.5,14.86,14.4,14.76,20841800,14.76
5/13/2009,14.92,14.95,14.5,14.52,23585400,14.52
5/12/2009,15.5,15.5,14.9,15.1,31403300,15.1
5/11/2009,14.9,15.83,14.81,15.54,39492400,15.54
5/8/2009,14.88,15.3,14.7,15.15,22461200,15.15
5/7/2009,15.03,15.1,14.38,14.8,24328500,14.8
5/6/2009,14.8,15,14.52,14.85,19105800,14.85
5/5/2009,14.55,14.99,14.18,14.74,35233200,14.74
5/4/2009,14.2,14.25,13.96,14.18,25094600,14.18
5/1/2009,14.5,14.5,13.91,14.14,23721700,14.14
4/30/2009,14.12,14.6,14.12,14.29,25883300,14.29
4/29/2009,13.7,14.35,13.7,14.02,16570900,14.02
4/28/2009,13.74,14.05,13.6,13.64,18856500,13.64
4/27/2009,14.48,14.55,13.88,13.89,22640600,13.89
4/24/2009,14.79,14.94,14.36,14.73,25803000,14.73
4/23/2009,14.56,14.74,14.11,14.55,32943200,14.55
4/22/2009,14.62,15.39,14.41,14.48,65407800,14.48
4/21/2009,13.94,14.59,13.71,14.38,54237700,14.38
4/20/2009,14.16,14.25,13.6,13.66,13470500,13.66
4/17/2009,14.43,14.52,14.03,14.39,19800400,14.39
4/16/2009,14.15,14.53,14.05,14.43,19156500,14.43
4/15/2009,13.93,14.09,13.77,14.02,12383200,14.02
4/14/2009,14.4,14.42,14,14.07,15151700,14.07
4/13/2009,14.02,14.54,13.86,14.42,35067600,14.42